artist_name,song_title,year,peak_position,weeks_on_chart
The Beatles,A Hard Day's Night,1964,1,13
The Beatles,All You Need Is Love,1967,1,11
The Beatles,Can't Buy Me Love,1964,1,10
The Beatles,Come Together/Something,1969,1,16
The Beatles,Eight Days A Week,1965,1,10
The Beatles,Get Back,1969,1,12
The Beatles,Hello Goodbye,1967,1,11
The Beatles,Help!,1965,1,13
The Beatles,Hey Jude,1968,1,19
The Beatles,I Feel Fine,1964,1,11
The Beatles,I Want To Hold Your Hand,1964,1,15
The Beatles,Let It Be,1970,1,14
The Beatles,Love Me Do,1964,1,14
The Beatles,Paperback Writer,1966,1,10
The Beatles,Penny Lane,1967,1,10
The Beatles,She Loves You,1964,1,15
The Beatles,The Long And Winding Road/For You Blue,1970,1,10
The Beatles,Ticket To Ride,1965,1,11
The Beatles,We Can Work It Out,1965,1,12
The Beatles,Yesterday,1965,1,11
The Beatles,Do You Want To Know A Secret,1964,2,11
The Beatles,Twist And Shout,1964,2,26
The Beatles,Yellow Submarine,1966,2,9
The Beatles,Nowhere Man,1966,3,9
The Beatles,Please Please Me,1964,3,13
The Beatles,Something,1969,3,6
The Beatles,Lady Madonna,1968,4,11
The Beatles,She's A Woman,1964,4,9
The Beatles,Day Tripper,1965,5,10
The Beatles,Free As A Bird,1995,6,11
The Beatles,Got To Get You Into My Life,1976,7,16
The Beatles,Now And Then,2023,7,2
The Beatles,Strawberry Fields Forever,1967,8,9
The Beatles,The Ballad Of John And Yoko,1969,8,9
The Beatles,P.S. I Love You,1964,10,8
The Beatles,Eleanor Rigby,1966,11,8
The Beatles,Real Love,1996,11,7
The Beatles,And I Love Her,1964,12,9
The Beatles,Revolution,1968,12,11
The Beatles,The Beatles' Movie Medley,1982,12,11
The Beatles,I Saw Her Standing There,1964,14,11
The Beatles,Matchbox,1964,17,8
The Beatles,Ain't She Sweet,1964,19,9
The Beatles,Rain,1966,23,7
The Beatles,I'll Cry Instead,1964,25,7
The Beatles,Slow Down,1964,25,7
The Beatles,My Bonnie (My Bonnie Lies Over The Ocean),1964,26,6
The Beatles,Baby You're A Rich Man,1967,34,5
The Beatles,Don't Let Me Down,1969,35,4
The Beatles,Thank You Girl,1964,35,7
The Beatles,I Don't Want To Spoil The Party,1965,39,6
The Beatles,From Me To You,1964,41,6
The Beatles,All My Loving,1964,45,6
The Beatles,Yes It Is,1965,46,4
The Beatles,Act Naturally,1965,47,7
The Beatles,You Can't Do That,1964,48,4
The Beatles,"Ob-la-di, Ob-la-da",1976,49,7
The Beatles,I Should Have Known Better,1964,53,4
The Beatles,If I Fell,1964,53,9
The Beatles,I Am The Walrus,1967,56,4
The Beatles,Baby It's You,1995,67,4
The Beatles,4 - By The Beatles,1965,68,5
The Beatles,Roll Over Beethoven,1964,68,4
The Beatles,Sgt. Pepper's Lonely Hearts Club Band/With A Little Help From My Friends,1978,71,7
The Beatles,There's A Place,1964,74,1
The Beatles,What Goes On,1966,81,2
The Beatles,Why,1964,88,1
The Beatles,Four By The Beatles,1964,92,3
The Beatles,I'm Happy Just To Dance With You,1964,95,1
The Beatles,The Inner Light,1968,96,1
Madonna,Crazy For You,1985,1,21
Madonna,Justify My Love,1990,1,16
Madonna,Like A Prayer,1989,1,16
Madonna,Like A Virgin,1984,1,19
Madonna,Live To Tell,1986,1,18
Madonna,Music,2000,1,24
Madonna,Open Your Heart,1986,1,18
Madonna,Papa Don't Preach,1986,1,18
Madonna,Take A Bow,1994,1,30
Madonna,This Used To Be My Playground,1992,1,20
Madonna,Vogue,1990,1,24
Madonna,Who's That Girl,1987,1,16
Madonna,Causing A Commotion,1987,2,18
Madonna,Cherish,1989,2,15
Madonna,Express Yourself,1989,2,16
Madonna,Frozen,1998,2,20
Madonna,"I'll Remember (From ""With Honors"")",1994,2,26
Madonna,Material Girl,1985,2,17
Madonna,4 Minutes,2008,3,20
Madonna,Erotica,1992,3,18
Madonna,Secret,1994,3,22
Madonna,True Blue,1986,3,16
Madonna,Don't Tell Me,2000,4,21
Madonna,La Isla Bonita,1987,4,17
Madonna,Lucky Star,1984,4,16
Madonna,Angel,1985,5,17
Madonna,Dress You Up,1985,5,16
Madonna,Ray Of Light,1998,5,20
Madonna,You'll See,1995,6,20
Madonna,Deeper And Deeper,1992,7,17
Madonna,Hung Up,2005,7,20
Madonna,Die Another Day,2002,8,17
Madonna,"Don't Cry For Me Argentina (From ""Evita"")",1997,8,16
Madonna,Keep It Together,1990,8,13
Madonna,Rescue Me,1991,9,8
Madonna,Borderline,1984,10,30
Madonna,Give Me All Your Luvin',2012,10,6
Madonna,Hanky Panky,1990,10,11
Madonna,The Power Of Good-Bye,1998,11,19
Madonna,Rain,1993,14,20
Madonna,Holiday,1983,16,21
Madonna,"You Must Love Me (From ""Evita"")",1996,18,20
Madonna,Beautiful Stranger,1999,19,19
Madonna,Oh Father,1989,20,13
Madonna,What It Feels Like For A Girl,2001,23,10
Madonna,American Pie,2000,29,9
Madonna,Bad Girl,1993,36,11
Madonna,American Life,2003,37,8
Madonna,Bedtime Story,1995,42,7
Madonna,Popular,2023,43,19
Madonna,Human Nature,1995,46,15
Madonna,Give It 2 Me,2008,57,1
Madonna,Sorry,2006,58,6
Madonna,Celebration,2009,71,1
Madonna,Bring Your Love,2026,74,1
Madonna,Love Don't Live Here Anymore,1996,78,8
Madonna,B**** I'm Madonna,2015,84,2
Madonna,Nothing Really Matters,1999,93,2
Elton John,Bennie And The Jets,1974,1,18
Elton John,Candle In The Wind 1997/Something About The Way You Look Tonight,1997,1,42
Elton John,Crocodile Rock,1972,1,17
Elton John,Don't Go Breaking My Heart,1976,1,20
Elton John,Don't Let The Sun Go Down On Me,1974,1,20
Elton John,Island Girl,1975,1,15
Elton John,Lucy In The Sky With Diamonds,1974,1,14
Elton John,Daniel,1973,2,15
Elton John,Goodbye Yellow Brick Road,1973,2,17
Elton John,I Don't Wanna Go On With You Like That,1988,2,18
Elton John,Little Jeannie,1980,3,21
Elton John,"Can You Feel The Love Tonight (From ""The Lion King"")",1994,4,26
Elton John,I Guess That's Why They Call It The Blues,1983,4,23
Elton John,Someone Saved My Life Tonight,1975,4,13
Elton John,The Bitch Is Back,1974,4,14
Elton John,Sad Songs (say So Much),1984,5,19
Elton John,Candle In The Wind,1987,6,21
Elton John,Hold Me Closer,2022,6,20
Elton John,Rocket Man,1972,6,15
Elton John,Sorry Seems To Be The Hardest Word,1976,6,14
Elton John,Cold Heart (PNAU Remix),2021,7,52
Elton John,Nikita,1986,7,18
Elton John,Honky Cat,1972,8,10
Elton John,Your Song,1970,8,14
Elton John,Mama Can't Buy You Love,1979,9,18
Elton John,The One,1992,9,22
Elton John,Blue Eyes,1982,12,18
Elton John,I'm Still Standing,1983,12,16
Elton John,Saturday Night's Alright For Fighting,1973,12,12
Elton John,Believe,1995,13,20
Elton John,Empty Garden (Hey Hey Johnny),1982,13,17
Elton John,Healing Hands,1989,13,15
Elton John,Grow Some Funk Of Your Own/I Feel Like A Bullet (In The Gun Of Robert Ford),1976,14,11
Elton John,Through The Storm,1989,16,11
Elton John,Who Wears These Shoes?,1984,16,14
Elton John,"Circle Of Life (From ""The Lion King"")",1994,18,20
Elton John,Sacrifice,1990,18,17
Elton John,A Word In Spanish,1988,19,13
Elton John,Wrap Her Up,1985,20,14
Elton John,Nobody Wins,1981,21,13
Elton John,Part-Time Love,1978,22,10
Elton John,The Last Song,1992,23,20
Elton John,Levon,1971,24,10
Elton John,Kiss The Bride,1983,25,12
Elton John,Bite Your Lip (Get up and dance!),1977,28,6
Elton John,Club At The End Of The Street,1990,28,16
Elton John,Written In The Stars,1999,29,10
Elton John,Simple Life,1993,30,16
Elton John,Victim Of Love,1979,31,10
Elton John,Blessed,1995,34,20
Elton John,Chloe,1981,34,13
Elton John,Ego,1978,34,8
Elton John,Friends,1971,34,9
Elton John,Merry Christmas,2021,37,12
Elton John,In Neon,1984,38,13
Elton John,(Sartorial Eloquence) Don't Ya Wanna Play This Game No More?,1980,39,12
Elton John,Tiny Dancer,1972,41,7
Elton John,You Gotta Love Someone,1990,43,13
Elton John,Someday Out Of The Blue,2000,49,15
Elton John,Made In England,1995,52,10
Elton John,Heartache All Over The World,1986,55,8
Elton John,Recover Your Soul,1998,55,20
Elton John,True Love,1993,56,12
Elton John,You Can Make History (Young Again),1996,70,17
Elton John,Border Song,1970,92,5
Elvis Presley,A Big Hunk O' Love,1959,1,14
Elvis Presley,Are You Lonesome To-night?,1960,1,16
Elvis Presley,Good Luck Charm,1962,1,13
Elvis Presley,It's Now Or Never,1960,1,20
Elvis Presley,Stuck On You,1960,1,16
Elvis Presley,Surrender,1961,1,12
Elvis Presley,Suspicious Minds,1969,1,15
Elvis Presley,(Now and Then There's) A Fool Such As I,1959,2,15
Elvis Presley,Burning Love,1972,2,15
Elvis Presley,Can't Help Falling In Love,1961,2,14
Elvis Presley,Return To Sender,1962,2,16
Elvis Presley,(You're the) Devil In Disguise,1963,3,11
Elvis Presley,Crying In The Chapel,1965,3,14
Elvis Presley,In The Ghetto,1969,3,13
Elvis Presley,(Marie's The Name) His Latest Flame,1961,4,11
Elvis Presley,Hard Headed Woman,1958,4,8
Elvis Presley,I Need Your Love Tonight,1959,4,13
Elvis Presley,One Night,1958,4,17
Elvis Presley,I Feel So Bad,1961,5,9
Elvis Presley,Little Sister,1961,5,13
Elvis Presley,She's Not You,1962,5,10
Elvis Presley,Don't Cry Daddy/Rubberneckin',1969,6,13
Elvis Presley,Bossa Nova Baby,1963,8,10
Elvis Presley,I Got Stung,1958,8,16
Elvis Presley,The Wonder Of You/Mama Liked The Roses,1970,9,12
Elvis Presley,(Such An) Easy Question,1965,11,8
Elvis Presley,I'm Yours,1965,11,11
Elvis Presley,One Broken Heart For Sale,1963,11,9
Elvis Presley,You Don't Have To Say You Love Me/Patch It Up,1970,11,10
Elvis Presley,Ask Me,1964,12,12
Elvis Presley,If I Can Dream,1968,12,13
Elvis Presley,Kissin' Cousins,1964,12,9
Elvis Presley,My Wish Came True,1959,12,11
Elvis Presley,Flaming Star,1961,14,7
Elvis Presley,Promised Land,1974,14,13
Elvis Presley,Puppet On A String,1965,14,10
Elvis Presley,Follow That Dream,1962,15,10
Elvis Presley,Ain't That Loving You Baby,1964,16,10
Elvis Presley,Kentucky Rain,1970,16,9
Elvis Presley,Such A Night,1964,16,8
Elvis Presley,Fame And Fortune,1960,17,10
Elvis Presley,If You Talk In Your Sleep,1974,17,13
Elvis Presley,Steamroller Blues/Fool,1973,17,12
Elvis Presley,Blue Christmas,2019,18,21
Elvis Presley,Way Down,1977,18,21
Elvis Presley,Love Letters,1966,19,7
Elvis Presley,I Gotta Know,1960,20,11
Elvis Presley,My Boy,1975,20,11
Elvis Presley,Separate Ways,1972,20,12
Elvis Presley,Do The Clam,1965,21,8
Elvis Presley,I Really Don't Want To Know/There Goes My Everything,1970,21,9
Elvis Presley,What'd I Say,1964,21,6
Elvis Presley,My Way,1977,22,12
Elvis Presley,Rock-A-Hula Baby,1961,23,9
Elvis Presley,Frankie And Johnny,1966,25,8
Elvis Presley,Wild In The Country,1961,26,5
Elvis Presley,Guitar Man,1968,28,20
Elvis Presley,Hurt/for The Heart,1976,28,11
Elvis Presley,U.S. Male,1968,28,9
Elvis Presley,It Hurts Me,1964,29,7
Elvis Presley,Viva Las Vegas,1964,29,7
Elvis Presley,King Of The Whole Wide World,1962,30,7
Elvis Presley,Anything That's Part Of You,1962,31,8
Elvis Presley,Moody Blue/she Thinks I Still Care,1976,31,13
Elvis Presley,A Mess Of Blues,1960,32,11
Elvis Presley,I've Lost You/The Next Step Is Love,1970,32,9
Elvis Presley,Lonely Man,1961,32,5
Elvis Presley,Witchcraft,1963,32,7
Elvis Presley,Indescribably Blue,1967,33,8
Elvis Presley,Tell Me Why,1966,33,7
Elvis Presley,"Where Did They Go, Lord/Rags To Riches",1971,33,7
Elvis Presley,Don't Ask Me Why,1958,34,5
Elvis Presley,Kiss Me Quick,1964,34,6
Elvis Presley,Clean Up Your Own Back Yard,1969,35,8
Elvis Presley,Memories,1969,35,7
Elvis Presley,T-R-O-U-B-L-E,1975,35,9
Elvis Presley,I'm Leavin',1971,36,9
Elvis Presley,Big Boss Man,1967,38,6
Elvis Presley,I've Got A Thing About You Baby/Take Good Care Of Her,1974,39,12
Elvis Presley,Spinout,1966,40,7
Elvis Presley,Until It's Time For You To Go,1972,40,9
Elvis Presley,All That I Am,1966,41,8
Elvis Presley,Raised On Rock/For Ol' Times Sake,1973,41,9
Elvis Presley,You Don't Know Me,1967,44,6
Elvis Presley,Please Don't Stop Loving Me,1966,45,8
Elvis Presley,It's Only Love,1971,51,6
Elvis Presley,Life/Only Believe,1971,53,7
Elvis Presley,They Remind Me Too Much Of You,1963,53,4
Elvis Presley,It Feels So Right,1965,55,6
Elvis Presley,Just Tell Her Jim Said Hello,1962,55,5
Elvis Presley,There's Always Me,1967,56,6
Elvis Presley,Long Legged Girl (With The Short Dress On),1967,63,5
Elvis Presley,Bringing It Back,1975,65,5
Elvis Presley,An American Trilogy,1972,66,6
Elvis Presley,Stay Away,1968,67,5
Elvis Presley,A Little Less Conversation,1968,69,4
Elvis Presley,Tickle Me,1965,70,7
Elvis Presley,Let Yourself Go,1968,71,5
Elvis Presley,The Elvis Medley,1982,71,7
Elvis Presley,"Your Time Hasn't Come Yet, Baby",1968,72,7
Elvis Presley,Judy,1967,78,5
Elvis Presley,You'll Never Walk Alone,1968,90,2
Elvis Presley,That's Someone You Never Forget,1967,92,1
Elvis Presley,Rubberneckin',2003,94,2
Elvis Presley,Almost In Love,1968,95,2
Elvis Presley,Blue River,1966,95,1
Elvis Presley,Where Do You Come From,1962,99,1
Mariah Carey,All I Want For Christmas Is You,2000,1,79
Mariah Carey,Always Be My Baby,1996,1,32
Mariah Carey,Don't Forget About Us,2005,1,21
Mariah Carey,Dreamlover,1993,1,29
Mariah Carey,Emotions,1991,1,20
Mariah Carey,Fantasy,1995,1,25
Mariah Carey,Heartbreaker,1999,1,20
Mariah Carey,Hero,1993,1,30
Mariah Carey,Honey,1997,1,20
Mariah Carey,I Don't Wanna Cry,1991,1,19
Mariah Carey,I'll Be There,1992,1,20
Mariah Carey,Love Takes Time,1990,1,26
Mariah Carey,My All,1998,1,20
Mariah Carey,One Sweet Day,1995,1,27
Mariah Carey,Someday,1991,1,19
Mariah Carey,Thank God I Found You,1999,1,20
Mariah Carey,Touch My Body,2008,1,20
Mariah Carey,Vision Of Love,1990,1,22
Mariah Carey,We Belong Together,2005,1,43
Mariah Carey,Can't Let Go,1991,2,20
Mariah Carey,Endless Love,1994,2,20
Mariah Carey,Loverboy,2001,2,14
Mariah Carey,Shake It Off,2005,2,26
Mariah Carey,I Know What You Want,2003,3,24
Mariah Carey,Without You/Never Forget You,1994,3,23
Mariah Carey,I Still Believe,1999,4,20
Mariah Carey,Make It Happen,1992,5,20
Mariah Carey,Obsessed,2009,7,21
Mariah Carey,Anytime You Need A Friend,1994,12,21
Mariah Carey,#Beautiful,2013,15,16
Mariah Carey,When You Believe,1998,15,17
Mariah Carey,It's Like That,2005,16,20
Mariah Carey,Bye Bye,2008,19,12
Mariah Carey,Crybaby,2000,28,7
Mariah Carey,I'll Be Lovin' U Long Time,2008,58,8
Mariah Carey,I Want To Know What Love Is,2009,60,6
Mariah Carey,Oh Santa!,2011,76,1
Mariah Carey,Say Somethin',2006,79,5
Mariah Carey,Never Too Far/Hero Medley,2001,81,3
Mariah Carey,Through The Rain,2002,81,9
Mariah Carey,Infinity,2015,82,1
Mariah Carey,You're Mine (Eternal),2014,88,1
Mariah Carey,I Don't,2017,89,1
Mariah Carey,Migrate,2008,92,1
Mariah Carey,Type Dangerous,2025,95,1
Mariah Carey,Up Out My Face,2010,100,1
Stevie Wonder,Ebony And Ivory,1982,1,19
Stevie Wonder,I Just Called To Say I Love You,1984,1,26
Stevie Wonder,I Wish,1976,1,17
Stevie Wonder,Part-Time Lover,1985,1,21
Stevie Wonder,Sir Duke,1977,1,17
Stevie Wonder,Superstition,1972,1,16
Stevie Wonder,You Are The Sunshine Of My Life,1973,1,17
Stevie Wonder,You Haven't Done Nothin,1974,1,19
Stevie Wonder,For Once In My Life,1968,2,14
Stevie Wonder,I Was Made To Love Her,1967,2,15
Stevie Wonder,Boogie On Reggae Woman,1974,3,17
Stevie Wonder,"Signed, Sealed, Delivered I'm Yours",1970,3,14
Stevie Wonder,Uptight (Everything's Alright),1965,3,14
Stevie Wonder,Higher Ground,1973,4,14
Stevie Wonder,My Cherie Amour,1969,4,14
Stevie Wonder,Send One Your Love,1979,4,18
Stevie Wonder,That Girl,1982,4,18
Stevie Wonder,Master Blaster (Jammin'),1980,5,23
Stevie Wonder,"Yester-Me, Yester-You, Yesterday",1969,7,14
Stevie Wonder,If You Really Love Me,1971,8,14
Stevie Wonder,Living For The City,1973,8,17
Stevie Wonder,A Place In The Sun,1966,9,11
Stevie Wonder,Blowin In The Wind,1966,9,10
Stevie Wonder,Heaven Help Us All,1970,9,11
Stevie Wonder,Shoo-Be-Doo-Be-Doo-Da-Day,1968,9,13
Stevie Wonder,Go Home,1985,10,17
Stevie Wonder,I Ain't Gonna Stand For It,1980,11,19
Stevie Wonder,I'm Wondering,1967,12,8
Stevie Wonder,Do I Do,1982,13,14
Stevie Wonder,We Can Work It Out,1971,13,11
Stevie Wonder,Don't You Worry 'Bout A Thing,1974,16,15
Stevie Wonder,Love Light In Flight,1984,17,16
Stevie Wonder,Skeletons,1987,19,16
Stevie Wonder,Nothing's Too Good For My Baby,1966,20,7
Stevie Wonder,Overjoyed,1986,24,13
Stevie Wonder,Never Had A Dream Come True,1970,26,7
Stevie Wonder,Hey Harmonica Man,1964,29,8
Stevie Wonder,Another Star,1977,32,10
Stevie Wonder,Travlin' Man,1967,32,7
Stevie Wonder,Superwoman (Where Were You When I Needed You),1972,33,11
Stevie Wonder,You Met Your Match,1968,35,7
Stevie Wonder,As,1977,36,14
Stevie Wonder,I Don't Know Why,1969,39,7
Stevie Wonder,Used To Be,1982,46,11
Stevie Wonder,Outside My Window,1980,52,7
Stevie Wonder,For Your Love,1995,53,14
Stevie Wonder,Ribbon In The Sky,1982,54,7
Stevie Wonder,High Heel Sneakers,1965,59,7
Stevie Wonder,"Pops, We Love You (A Tribute To Father)",1979,59,8
Stevie Wonder,Lately,1981,64,7
Stevie Wonder,You Will Know,1988,77,6
Stevie Wonder,Never Dreamed You'd Leave In Summer,1971,78,4
Stevie Wonder,Get It,1988,80,6
Stevie Wonder,Land Of La La,1986,86,3
Stevie Wonder,Hey Love,1967,90,6
Stevie Wonder,Keep On Running,1972,90,3
Stevie Wonder,"Gotta Have You (From ""Jungle Fever"")",1991,92,3
Stevie Wonder,So What The Fuss,2005,96,1
Janet Jackson,Again,1993,1,23
Janet Jackson,Black Cat,1990,1,16
Janet Jackson,Escapade,1990,1,17
Janet Jackson,Love Will Never Do (Without You),1990,1,22
Janet Jackson,Miss You Much,1989,1,20
Janet Jackson,That's The Way Love Goes,1993,1,23
Janet Jackson,When I Think Of You,1986,1,19
Janet Jackson,"Any Time, Any Place/And On And On",1994,2,20
Janet Jackson,Come Back To Me,1990,2,17
Janet Jackson,Let's Wait Awhile,1987,2,19
Janet Jackson,Rhythm Nation,1989,2,17
Janet Jackson,Nasty,1986,3,19
Janet Jackson,Runaway,1995,3,24
Janet Jackson,Alright,1990,4,16
Janet Jackson,If,1993,4,27
Janet Jackson,What Have You Done For Me Lately,1986,4,21
Janet Jackson,Control,1986,5,18
Janet Jackson,Scream/Childhood,1995,5,17
Janet Jackson,You Want This/70's Love Groove,1994,8,22
Janet Jackson,Because Of Love,1994,10,20
Janet Jackson,The Best Things In Life Are Free,1992,10,20
Janet Jackson,The Pleasure Principle,1987,14,18
Janet Jackson,Just A Little While,2004,45,6
Janet Jackson,I Want You,2004,57,10
Janet Jackson,Come Give Your Love To Me,1983,58,9
Janet Jackson,Young Love,1982,64,6
Michael Jackson,Bad,1987,1,14
Michael Jackson,Beat It,1983,1,28
Michael Jackson,Ben,1972,1,16
Michael Jackson,Billie Jean,1983,1,32
Michael Jackson,Black Or White,1991,1,20
Michael Jackson,Dirty Diana,1988,1,15
Michael Jackson,Don't Stop 'til You Get Enough,1979,1,26
Michael Jackson,I Just Can't Stop Loving You,1987,1,14
Michael Jackson,Man In The Mirror,1988,1,17
Michael Jackson,Rock With You,1979,1,25
Michael Jackson,Say Say Say,1983,1,22
Michael Jackson,The Way You Make Me Feel,1987,1,18
Michael Jackson,You Are Not Alone,1995,1,20
Michael Jackson,Rockin' Robin,1972,2,13
Michael Jackson,The Girl Is Mine,1982,2,18
Michael Jackson,Remember The Time,1992,3,20
Michael Jackson,Got To Be There,1971,4,14
Michael Jackson,Thriller,1984,4,26
Michael Jackson,Scream/Childhood,1995,5,17
Michael Jackson,Wanna Be Startin' Somethin',1983,5,15
Michael Jackson,In The Closet,1992,6,20
Michael Jackson,Human Nature,1983,7,23
Michael Jackson,Smooth Criminal,1988,7,15
Michael Jackson,Will You Be There,1993,7,20
Michael Jackson,Love Never Felt So Good,2014,9,20
Michael Jackson,Off The Wall,1980,10,17
Michael Jackson,P.Y.T. (Pretty Young Thing),1983,10,16
Michael Jackson,She's Out Of My Life,1980,10,16
Michael Jackson,You Rock My World,2001,10,20
Michael Jackson,Another Part Of Me,1988,11,13
Michael Jackson,Butterflies,2001,14,20
Michael Jackson,Who Is It,1993,14,18
Michael Jackson,I Wanna Be Where You Are,1972,16,11
Michael Jackson,Just A Little Bit Of You,1975,23,12
Michael Jackson,Chicago,2026,26,10
Michael Jackson,Jam,1992,26,14
Michael Jackson,Heal The World,1992,27,20
Michael Jackson,They Don't Care About Us,1996,30,13
Michael Jackson,Farewell My Summer Love,1984,38,12
Michael Jackson,Hold My Hand,2010,39,9
Michael Jackson,Ease On Down The Road,1978,41,9
Michael Jackson,Blood On The Dance Floor,1997,42,11
Michael Jackson,Slave To The Rhythm,2014,45,1
Michael Jackson,With A Child's Heart,1973,50,7
Michael Jackson,We're Almost There,1975,54,8
Michael Jackson,One Day In Your Life,1981,55,7
Michael Jackson,Get It,1988,80,6
Michael Jackson,Wanna Be Startin' Somethin' 2008,2008,81,3
Michael Jackson,You Can't Win (Part 1),1979,81,3
Michael Jackson,One More Chance,2003,83,5
Michael Jackson,Stranger In Moscow,1997,91,2
Whitney Houston,All The Man That I Need,1990,1,23
Whitney Houston,Didn't We Almost Have It All,1987,1,17
Whitney Houston,"Exhale (Shoop Shoop) (From ""Waiting To Exhale"")",1995,1,21
Whitney Houston,Greatest Love Of All,1986,1,20
Whitney Houston,How Will I Know,1985,1,24
Whitney Houston,I Wanna Dance With Somebody (Who Loves Me),1987,1,20
Whitney Houston,I Will Always Love You,1992,1,29
Whitney Houston,I'm Your Baby Tonight,1990,1,19
Whitney Houston,Saving All My Love For You,1985,1,22
Whitney Houston,So Emotional,1987,1,19
Whitney Houston,Where Do Broken Hearts Go,1988,1,18
Whitney Houston,Heartbreak Hotel,1998,2,28
Whitney Houston,You Give Good Love,1985,3,21
Whitney Houston,"I Believe In You And Me (From ""The Preacher's Wife"")",1996,4,20
Whitney Houston,I Have Nothing,1993,4,20
Whitney Houston,"I'm Every Woman (From ""The Bodyguard"")",1993,4,23
Whitney Houston,It's Not Right But It's Okay,1999,4,20
Whitney Houston,My Love Is Your Love,1999,4,28
Whitney Houston,One Moment In Time,1988,5,17
Whitney Houston,The Star Spangled Banner,1991,6,27
Whitney Houston,"Count On Me (From ""Waiting To Exhale"")",1996,8,20
Whitney Houston,Love Will Save The Day,1988,9,16
Whitney Houston,Miracle,1991,9,14
Whitney Houston,"Step By Step (From ""The Preacher's Wife"")",1997,15,17
Whitney Houston,When You Believe,1998,15,17
Whitney Houston,My Name Is Not Susan,1991,20,10
Whitney Houston,"Why Does It Hurt So Bad (From ""Waiting To Exhale"")",1996,26,20
Whitney Houston,I Learned From The Best,2000,27,11
Whitney Houston,Run To You,1993,31,20
Whitney Houston,"It Isn't, It Wasn't, It Ain't Never Gonna Be",1989,41,8
Whitney Houston,Hold Me,1984,46,18
Whitney Houston,Could I Have This Kiss Forever,2000,52,19
Whitney Houston,Higher Love,2019,63,9
Whitney Houston,I Look To You,2009,70,6
Whitney Houston,"Same Script, Different Cast",2000,70,9
Whitney Houston,One Of Those Days,2002,72,19
Whitney Houston,"My Heart Is Calling (From ""The Preacher's Wife"")",1997,77,4
Whitney Houston,Try It On My Own,2003,84,12
Whitney Houston,Whatchulookinat,2002,96,3
Whitney Houston,Million Dollar Bill,2009,100,1
Rihanna,Diamonds,2012,1,27
Rihanna,Disturbia,2008,1,37
Rihanna,Only Girl (In The World),2010,1,27
Rihanna,Rude Boy,2010,1,22
Rihanna,S&M,2010,1,26
Rihanna,SOS,2006,1,28
Rihanna,Take A Bow,2008,1,27
Rihanna,Umbrella,2007,1,34
Rihanna,We Found Love,2011,1,42
Rihanna,What's My Name?,2010,1,22
Rihanna,Work,2016,1,36
Rihanna,Lift Me Up,2022,2,20
Rihanna,Pon de Replay,2005,2,27
Rihanna,Run This Town,2009,2,23
Rihanna,Don't Stop The Music,2007,3,30
Rihanna,Stay,2013,3,32
Rihanna,FourFiveSeconds,2015,4,20
Rihanna,Love On The Brain,2016,5,31
Rihanna,Where Have You Been,2011,5,26
Rihanna,Unfaithful,2006,6,20
Rihanna,Cheers (Drink To That),2011,7,18
Rihanna,Hate That I Love You,2007,7,26
Rihanna,Needed Me,2016,7,45
Rihanna,Hard,2009,8,20
Rihanna,Break It Off,2006,9,20
Rihanna,Russian Roulette,2009,9,14
Rihanna,You Da One,2011,14,20
Rihanna,B**** Better Have My Money,2015,15,23
Rihanna,Shut Up And Drive,2007,15,20
Rihanna,Stranded (Haiti Mon Amour),2010,16,2
Rihanna,Rehab,2008,18,17
Rihanna,Pour It Up,2013,19,20
Rihanna,Believe It,2020,23,14
Rihanna,Birthday Cake,2012,24,20
Rihanna,What Now,2013,25,8
Rihanna,Talk That Talk,2011,31,20
Rihanna,If It's Lovin' That You Want,2005,36,20
Rihanna,Lemon,2017,36,22
Rihanna,California King Bed,2011,37,14
Rihanna,Right Now,2013,50,9
Rihanna,Loveeeeeee Song,2013,55,20
Rihanna,Man Down,2011,59,14
Rihanna,Kiss It Better,2016,62,12
Rihanna,Rockstar 101,2010,64,5
Rihanna,Nothing Is Promised,2016,75,1
Rihanna,American Oxygen,2015,78,4
Rihanna,Redemption Song,2010,81,1
Rihanna,Breakin' Dishes,2025,82,8
Rihanna,Sex With Me,2016,83,15
Drake,First Person Shooter,2023,1,20
Drake,God's Plan,2018,1,36
Drake,In My Feelings,2018,1,22
Drake,Janice STFU,2026,1,12
Drake,Jimmy Cooks,2022,1,25
Drake,Nice For What,2018,1,25
Drake,One Dance,2016,1,36
Drake,Slime You Out,2023,1,14
Drake,Toosie Slide,2020,1,20
Drake,Way 2 Sexy,2021,1,20
Drake,What's Next,2021,1,16
Drake,Best I Ever Had,2009,2,24
Drake,Girls Want Girls,2021,2,20
Drake,Hotline Bling,2015,2,36
Drake,IDGAF,2023,2,20
Drake,Laugh Now Cry Later,2020,2,29
Drake,Nokia,2025,2,27
Drake,Nonstop,2018,2,22
Drake,Ran To Atlanta,2026,2,12
Drake,Rich Flex,2022,2,28
Drake,Search & Rescue,2023,2,20
Drake,Wants And Needs,2021,2,21
Drake,What Did I Miss?,2025,2,19
Drake,Fair Trade,2021,3,17
Drake,Lemon Pepper Freestyle,2021,3,5
Drake,Major Distribution,2022,3,7
Drake,Virginia Beach,2023,3,14
Drake,Whisper My Name,2026,3,11
Drake,Champagne Poetry,2021,4,7
Drake,"Hold On, We're Going Home",2013,4,33
Drake,Knife Talk,2021,4,29
Drake,On BS,2022,4,8
Drake,Shabang,2026,4,12
Drake,Calling For You,2023,5,4
Drake,Find Your Love,2010,5,21
Drake,Spin Bout U,2022,5,29
Drake,Gimme A Hug,2025,6,11
Drake,National Treasures,2026,6,12
Drake,Pussy & Millions,2022,6,7
Drake,Started From The Bottom,2013,6,22
Drake,Sticky,2022,6,13
Drake,Summer Sixteen,2016,6,14
Drake,Yes Indeed,2018,6,29
Drake,Diplomatic Immunity,2018,7,3
Drake,Falling Back,2022,7,2
Drake,Family Matters,2024,7,6
Drake,I'm Upset,2018,7,16
Drake,In The Bible,2021,7,8
Drake,Make Them Cry,2026,7,4
Drake,Money In The Grave,2019,7,23
Drake,Pain 1993,2020,7,3
Drake,Privileged Rappers,2022,7,4
Drake,Take Care,2011,7,34
Drake,Circo Loco,2022,8,13
Drake,Daylight,2023,8,3
Drake,Dust,2026,8,6
Drake,Emotionless,2018,8,4
Drake,Fake Love,2016,8,25
Drake,Forever,2009,8,24
Drake,Papi's Home,2021,8,4
Drake,Passionfruit,2017,8,20
Drake,2 Hard 4 The Radio,2026,9,12
Drake,BackOutsideBoyz,2022,9,4
Drake,Don't Matter To Me,2018,9,5
Drake,Make Me Proud,2011,9,20
Drake,Portland,2017,9,16
Drake,TSU,2021,9,5
Drake,Fear Of Heights,2023,10,3
Drake,Love All,2021,10,5
Drake,Make Them Pay,2026,10,6
Drake,Hours In Silence,2022,11,4
Drake,No Friends In The Industry,2021,11,8
Drake,Plot Twist,2026,11,7
Drake,Rich Baby Daddy,2023,11,22
Drake,You Broke My Heart,2023,11,19
Drake,B's On The Table,2026,12,7
Drake,Broke Boys,2022,12,4
Drake,Gently,2023,12,3
Drake,Jumpman,2015,12,32
Drake,N 2 Deep,2021,12,4
Drake,Seeing Green,2021,12,4
Drake,Burning Bridges,2026,13,6
Drake,Headlines,2011,13,25
Drake,Mob Ties,2018,13,8
Drake,Texts Go Green,2022,13,2
Drake,Chicago Freestyle,2020,14,12
Drake,Elevate,2018,14,3
Drake,Massive,2022,14,7
Drake,No Frauds,2017,14,7
Drake,Over,2010,14,20
Drake,Pipe Down,2021,14,4
Drake,The Motto,2011,14,35
Drake,Too Good,2016,14,29
Drake,Treacherous Twins,2022,14,3
Drake,Amen,2023,15,2
Drake,Middle Of The Ocean,2022,15,3
Drake,Miss Me,2010,15,20
Drake,7969 Santa,2023,16,2
Drake,7am On Bridle Path,2021,16,3
Drake,Controlla,2016,16,26
Drake,Jumbotron Shit Poppin,2022,16,4
Drake,Pop Style,2016,16,20
Drake,8am In Charlotte,2023,17,3
Drake,Push Ups,2024,17,6
Drake,Successful,2009,17,18
Drake,Survival,2018,17,2
Drake,CN Tower,2025,18,3
Drake,Can't Take A Joke,2018,18,4
Drake,Free Smoke,2017,18,4
Drake,Little Birdie,2026,18,4
Drake,More M’s,2022,18,3
Drake,Race My Mind,2021,18,3
Drake,What Would Pluto Do,2023,18,3
Drake,D4L,2020,19,2
Drake,I Guess It's Fuck Me,2022,19,2
Drake,Make Them Remember,2026,19,3
Drake,All Me,2013,20,20
Drake,Bahamas Promises,2023,20,3
Drake,Calling My Name,2022,20,1
Drake,Talk Up,2018,20,3
Drake,8 Out Of 10,2018,21,3
Drake,A Keeper,2022,21,1
Drake,Back To Back,2015,21,20
Drake,Die Trying,2025,21,12
Drake,Make Them Know,2026,21,3
Drake,Marvins Room,2011,21,18
Drake,Tried Our Best,2023,21,2
Drake,Hoe Phase,2026,22,3
Drake,IMY2,2021,22,2
Drake,Currents,2022,23,1
Drake,Don’t Worry,2026,23,5
Drake,Which One,2025,23,13
Drake,Members Only,2023,24,3
Drake,Yebba's Heartbreak,2021,24,2
Drake,Fancy,2010,25,20
Drake,Not You Too,2020,25,1
Drake,You Only Live Twice,2021,25,2
Drake,All The Parties,2023,26,2
Drake,Energy,2015,26,20
Drake,Evil Ways,2023,26,1
Drake,Fountains,2021,26,2
Drake,Something About You,2025,26,3
Drake,Desires,2020,27,2
Drake,Drew A Picasso,2023,27,2
Drake,Get Along Better,2021,27,2
Drake,Sandra's Rose,2018,27,2
Drake,Somebody Loves Me,2025,27,22
Drake,Flight's Booked,2022,28,1
Drake,It's Up,2024,28,5
Drake,Sneakin',2016,28,14
Drake,Summer Games,2018,28,2
Drake,WNBA,2026,28,4
Drake,Another Late Night,2023,29,2
Drake,Gyalchester,2017,29,11
Drake,Moth Balls,2025,29,2
Drake,Blue Tint,2018,30,3
Drake,Time Flies,2020,30,2
Drake,Firm Friends,2026,31,3
Drake,Away From Home,2023,32,1
Drake,Deep Pockets,2020,32,1
Drake,Fucking Fans,2021,32,1
Drake,Jaded,2018,32,2
Drake,Hype,2016,33,10
Drake,Demons,2020,34,2
Drake,I'm Spent,2026,34,8
Drake,0 To 100 / The Catch Up,2014,35,20
Drake,Classic,2026,35,4
Drake,Omerta,2019,35,2
Drake,Spider-Man Superman,2025,35,2
Drake,Teenage Fever,2017,35,4
Drake,The Remorse,2021,35,1
Drake,When To Say When,2020,35,1
Drake,BBL Love Interlude,2023,36,1
Drake,Fortworth,2026,36,3
Drake,Is There More,2018,36,2
Drake,Sacrifices,2017,36,3
Drake,Signs,2017,36,6
Drake,Crying In Chanel,2025,37,1
Drake,Girls Need Love,2019,37,20
Drake,Polar Opposites,2023,37,1
Drake,That's How You Feel,2018,37,2
Drake,Blem,2017,38,4
Drake,Grammys,2016,38,9
Drake,Peak,2018,38,2
Drake,Landed,2020,39,1
Drake,Slap The City,2026,39,3
Drake,I'm Going In,2009,40,17
Drake,No Long Talk,2017,40,2
Drake,Small Town Fame,2025,40,2
Drake,Still Here,2016,40,10
Drake,After Dark,2018,41,3
Drake,Cheetah Print,2026,41,2
Drake,Finesse,2018,42,2
Drake,Overdrive,2022,42,1
Drake,Road Trips,2026,42,2
Drake,Screw The World Interlude,2023,42,1
Drake,High Fives,2026,43,3
Drake,Raining In Houston,2025,43,2
Drake,U My Everything,2024,44,17
Drake,U With Me?,2016,44,4
Drake,9,2016,45,5
Drake,From Florida With Love,2020,45,1
Drake,Get It Together,2017,45,2
Drake,Pimmie's Dilemma,2025,45,2
Drake,Brian Steel,2025,47,1
Drake,Liability,2022,47,1
Drake,With You,2016,47,7
Drake,KMT,2017,48,2
Drake,Childs Play,2016,49,14
Drake,Jorja Interlude,2017,49,2
Drake,Up All Night,2010,49,2
Drake,4422,2017,50,2
Drake,Losses,2020,51,1
Drake,Madiba Riddim,2017,51,2
Drake,Mr Recoup,2025,51,6
Drake,Ratchet Happy Birthday,2018,51,1
Drake,Red Button,2023,51,1
Drake,The Language,2013,51,20
Drake,Big Rings,2015,52,20
Drake,Legend,2015,52,12
Drake,The Shoe Fits,2023,52,1
Drake,War,2020,52,1
Drake,Wu-Tang Forever,2013,52,3
Drake,Bigger > You,2018,53,2
Drake,Diamonds Dancing,2015,53,8
Drake,Dog House,2025,53,1
Drake,Feel No Ways,2016,53,6
Drake,Know Yourself,2015,53,20
Drake,Glow,2017,54,2
Drake,Weston Road Flows,2016,54,2
Drake,Oprah's Bank Account,2020,55,6
Drake,Final Fantasy,2018,56,1
Drake,Furthest Thing,2013,56,2
Drake,Gen 5,2026,56,2
Drake,9 AM In Dallas,2010,57,1
Drake,March 14,2018,57,1
Drake,White Bone,2026,57,2
Drake,10 Bands,2015,58,13
Drake,Right Hand,2015,58,19
Drake,Stories About My Brother,2023,58,1
Drake,Trust Issues,2019,58,1
Drake,Circadian Rhythm,2024,59,4
Drake,Do Not Disturb,2017,60,2
Drake,How About Now,2019,60,1
Drake,Lasers,2025,60,1
Drake,No Face,2024,60,3
Drake,Hurrr Nor Thurrr,2026,61,1
Drake,Nothings Into Somethings,2017,61,2
Drake,Redemption,2016,61,3
Drake,The Motion,2019,61,1
Drake,Digital Dash,2015,62,7
Drake,Down Hill,2022,62,1
Drake,HYFR (Hell Ya F*****g Right),2011,62,20
Drake,Ice Melts,2017,62,2
Drake,Blue Green Red,2024,63,1
Drake,Meet Your Padre,2025,63,1
Drake,Lose You,2017,64,1
Drake,Too Much,2013,64,1
Drake,Outside Tweaking,2026,65,1
Drake,Pound Cake / Paris Morton Music 2,2013,65,10
Drake,Celibacy,2025,66,1
Drake,Tie That Binds,2022,66,1
Drake,From Time,2013,67,2
Drake,Hate Sleeping Alone,2011,67,1
Drake,True Bestie,2026,67,1
Drake,Dreams Money Can Buy,2019,68,1
Drake,Keep The Family Close,2016,68,2
Drake,Scholarships,2015,69,7
Drake,Greedy,2025,70,1
Drake,Since Way Back,2017,70,1
Drake,Fireworks,2010,71,1
Drake,Rusty Intro,2026,71,1
Drake,Wick Man,2023,71,1
Drake,Faithful,2016,72,2
Drake,New Bestie,2026,72,1
Drake,"Two Birds, One Stone",2016,73,1
Drake,When He's Gone,2025,73,1
Drake,BBW,2026,74,1
Drake,Live From The Gutter,2015,74,5
Drake,OMW,2025,74,1
Drake,Behind Barz,2019,75,2
Drake,Fire & Desire,2016,75,4
Drake,Amazing Shape,2026,76,1
Drake,I'm The Plug,2015,76,5
Drake,Skepta Interlude,2017,76,1
Drake,Charged Up,2015,78,1
Drake,Own It,2013,78,1
Drake,Plastic Bag,2015,78,2
Drake,Crew Love,2012,80,20
Drake,On The Radar Freestyle,2023,80,1
Drake,Back On Road,2016,81,1
Drake,No Tellin',2015,81,2
Drake,Tuscan Leather,2013,81,1
Drake,Can't Have Everything,2017,82,2
Drake,Change Locations,2015,82,3
Drake,Preach,2015,82,2
Drake,Prioritizing,2026,82,1
Drake,6 God,2015,83,1
Drake,Glorious,2025,83,1
Drake,Used To,2015,84,2
Drake,Club Paradise,2019,85,1
Drake,Housekeeping Knows,2024,85,1
Drake,Q&A,2026,85,1
Drake,Views,2016,86,1
Drake,Come Thru,2013,87,1
Drake,30 For 30 Freestyle,2015,88,2
Drake,Goose And The Juice,2026,88,1
Drake,We'll Be Fine,2011,89,1
Drake,Worst Behavior,2013,89,11
Drake,Princess,2026,92,1
Drake,Stuck,2026,93,1
Drake,Days In The East,2019,95,1
Drake,Now & Forever,2015,95,1
Drake,6 Man,2015,97,1
Drake,Shot For Me,2011,100,1
The Rolling Stones,(I Can't Get No) Satisfaction,1965,1,14
The Rolling Stones,Angie,1973,1,16
The Rolling Stones,Brown Sugar,1971,1,12
The Rolling Stones,Get Off Of My Cloud,1965,1,12
The Rolling Stones,Honky Tonk Women,1969,1,15
The Rolling Stones,Miss You,1978,1,20
The Rolling Stones,"Paint It, Black",1966,1,11
The Rolling Stones,Ruby Tuesday,1967,1,12
The Rolling Stones,19th Nervous Breakdown,1966,2,10
The Rolling Stones,Start Me Up,1981,2,24
The Rolling Stones,Emotional Rescue,1980,3,19
The Rolling Stones,Jumpin' Jack Flash,1968,3,12
The Rolling Stones,Harlem Shuffle,1986,5,13
The Rolling Stones,Mixed Emotions,1989,5,12
The Rolling Stones,As Tears Go By,1965,6,9
The Rolling Stones,Time Is On My Side,1964,6,13
The Rolling Stones,Tumbling Dice,1972,7,10
The Rolling Stones,Beast Of Burden,1978,8,13
The Rolling Stones,Mothers Little Helper,1966,8,9
The Rolling Stones,"Have You Seen Your Mother, Baby, Standing In The Shadow?",1966,9,7
The Rolling Stones,The Last Time,1965,9,10
The Rolling Stones,Undercover Of The Night,1983,9,14
The Rolling Stones,Fool To Cry,1976,10,9
The Rolling Stones,Waiting On A Friend,1981,13,15
The Rolling Stones,Dandelion,1967,14,8
The Rolling Stones,Doo Doo Doo Doo Doo (heartbreaker),1974,15,11
The Rolling Stones,It's Only Rock 'N Roll (But I Like It),1974,16,10
The Rolling Stones,Ain't Too Proud To Beg,1974,17,10
The Rolling Stones,Heart Of Stone,1965,19,9
The Rolling Stones,Hang Fire,1982,20,11
The Rolling Stones,Happy,1972,22,8
The Rolling Stones,Rock And A Hard Place,1989,23,14
The Rolling Stones,Lady Jane,1966,24,6
The Rolling Stones,Tell Me (You're Coming Back),1964,24,10
The Rolling Stones,Going To A Go-Go,1982,25,11
The Rolling Stones,She's A Rainbow,1967,25,7
The Rolling Stones,It's All Over Now,1964,26,10
The Rolling Stones,She's So Cold,1980,26,13
The Rolling Stones,One Hit (To The Body),1986,28,11
The Rolling Stones,Wild Horses,1971,28,8
The Rolling Stones,Shattered,1978,31,10
The Rolling Stones,I Don't Know Why,1975,42,6
The Rolling Stones,You Can't Always Get What You Want,1973,42,8
The Rolling Stones,She Was Hot,1984,44,9
The Rolling Stones,Not Fade Away,1964,48,13
The Rolling Stones,Street Fighting Man,1968,48,6
The Rolling Stones,Hot Stuff/fool To Cry,1976,49,6
The Rolling Stones,Almost Hear You Sigh,1990,50,9
The Rolling Stones,We Love You,1967,50,6
The Rolling Stones,Let's Spend The Night Together,1967,55,8
The Rolling Stones,Highwire,1991,57,7
The Rolling Stones,Out Of Tears,1994,60,15
The Rolling Stones,Out Of Time,1975,81,3
The Rolling Stones,Love Is Strong,1994,91,5
The Rolling Stones,Saint Of Me,1998,94,4
The Rolling Stones,Play With Fire,1965,96,1
The Rolling Stones,Sympathy For The Devil (Remixes),2003,97,1
Paul McCartney,Band On The Run,1974,1,18
Paul McCartney,Coming Up (Live At Glasgow),1980,1,21
Paul McCartney,Ebony And Ivory,1982,1,19
Paul McCartney,Listen To What The Man Said,1975,1,14
Paul McCartney,My Love,1973,1,18
Paul McCartney,Say Say Say,1983,1,22
Paul McCartney,Silly Love Songs,1976,1,19
Paul McCartney,With A Little Luck,1978,1,18
Paul McCartney,Live And Let Die,1973,2,14
Paul McCartney,The Girl Is Mine,1982,2,18
Paul McCartney,Junior's Farm/Sally G,1974,3,17
Paul McCartney,Let 'em In,1976,3,16
Paul McCartney,FourFiveSeconds,2015,4,20
Paul McCartney,Another Day/Oh Woman Oh Why,1971,5,12
Paul McCartney,Goodnight Tonight,1979,5,16
Paul McCartney,No More Lonely Nights,1984,6,18
Paul McCartney,Jet,1974,7,14
Paul McCartney,Spies Like Us,1985,7,17
Paul McCartney,Helen Wheels,1973,10,13
Paul McCartney,"Hi, Hi, Hi",1972,10,11
Paul McCartney,Maybe I'm Amazed,1977,10,13
Paul McCartney,Take It Away,1982,10,16
Paul McCartney,Venus And Mars Rock Show,1975,12,9
Paul McCartney,Getting Closer,1979,20,10
Paul McCartney,Give Ireland Back To The Irish,1972,21,8
Paul McCartney,Press,1986,21,11
Paul McCartney,So Bad,1983,23,14
Paul McCartney,I've Had Enough,1978,25,11
Paul McCartney,My Brave Face,1989,25,10
Paul McCartney,Wonderful Christmastime,2018,26,20
Paul McCartney,Mary Had A Little Lamb/Little Woman Love,1972,28,7
Paul McCartney,Arrow Through Me,1979,29,10
Paul McCartney,Girls' School,1977,33,11
Paul McCartney,Letting Go,1975,39,6
Paul McCartney,London Town,1978,39,8
Paul McCartney,Sgt. Pepper's Lonely Hearts Club Band,2005,48,1
Paul McCartney,Tug Of War,1982,53,8
Paul McCartney,"The World Tonight (From ""Fathers' Day"")",1997,64,10
Paul McCartney,Dance Tonight,2007,69,2
Paul McCartney,Stranglehold,1986,81,6
Paul McCartney,Hope Of Deliverance,1993,83,6
Paul McCartney,Figure Of Eight,1990,92,5
Paul McCartney,This One,1989,94,3
Paul McCartney,Freedom,2001,97,2
Bee Gees,How Can You Mend A Broken Heart,1971,1,15
Bee Gees,How Deep Is Your Love,1977,1,33
Bee Gees,Jive Talkin',1975,1,17
Bee Gees,Love You Inside Out,1979,1,19
Bee Gees,Night Fever,1978,1,20
Bee Gees,Stayin' Alive,1977,1,27
Bee Gees,Too Much Heaven,1978,1,21
Bee Gees,Tragedy,1979,1,20
Bee Gees,You Should Be Dancing,1976,1,20
Bee Gees,Lonely Days,1970,3,14
Bee Gees,Love So Right,1976,3,23
Bee Gees,I Started A Joke,1968,6,11
Bee Gees,Nights On Broadway,1975,7,16
Bee Gees,One,1989,7,14
Bee Gees,I've Gotta Get A Message To You,1968,8,13
Bee Gees,(The Lights Went Out In) Massachusetts,1967,11,8
Bee Gees,Boogie Child,1977,12,15
Bee Gees,Fanny (Be Tender With My Love),1975,12,16
Bee Gees,"New York Mining Disaster 1941 (Have You Seen My Wife, Mr. Jones)",1967,14,7
Bee Gees,Words,1968,15,11
Bee Gees,Holiday,1967,16,9
Bee Gees,My World,1972,16,8
Bee Gees,Run To Me,1972,16,12
Bee Gees,To Love Somebody,1967,17,9
Bee Gees,The Woman In You,1983,24,11
Bee Gees,Edge Of The Universe,1977,26,13
Bee Gees,Alone,1997,28,20
Bee Gees,He's A Liar,1981,30,8
Bee Gees,Alive,1972,34,7
Bee Gees,First Of May,1969,37,7
Bee Gees,Living Eyes,1981,45,10
Bee Gees,Someone Belonging To Someone,1983,49,6
Bee Gees,Don't Wanna Live Inside Myself,1971,53,7
Bee Gees,Tomorrow Tomorrow,1969,54,6
Bee Gees,Jumbo,1968,57,6
Bee Gees,Still Waters (Run Deep),1997,57,9
Bee Gees,Don't Forget To Remember,1969,73,3
Bee Gees,Paying The Price Of Love,1993,74,9
Bee Gees,You Win Again,1987,75,6
Bee Gees,If Only I Had My Mind On Something Else,1970,91,3
Bee Gees,Mr. Natural,1974,93,3
Bee Gees,I.O.I.O.,1970,94,1
Bee Gees,Saw A New Morning,1973,94,3
Usher,Burn,2004,1,30
Usher,Confessions Part II,2004,1,25
Usher,Love In This Club,2008,1,25
Usher,My Boo,2004,1,26
Usher,Nice & Slow,1998,1,23
Usher,OMG,2010,1,30
Usher,U Got It Bad,2001,1,32
Usher,U Remind Me,2001,1,24
Usher,Yeah!,2004,1,47
Usher,My Way,1998,2,24
Usher,You Make Me Wanna...,1997,2,47
Usher,U Don't Have To Call,2002,3,26
Usher,DJ Got Us Fallin' In Love,2010,4,34
Usher,Caught Up,2004,8,27
Usher,Scream,2012,9,21
Usher,I Don't Mind,2014,11,23
Usher,More,2010,15,22
Usher,Climax,2012,17,20
Usher,Love In This Club Part II,2008,18,14
Usher,Hot Tottie,2010,21,16
Usher,Hey Daddy (Daddy's Home),2010,24,21
Usher,Good Good,2023,25,28
Usher,There Goes My Baby,2010,25,25
Usher,Papers,2009,31,16
Usher,No Limit,2016,32,20
Usher,Lil Freak,2010,40,16
Usher,Come Thru,2019,42,19
Usher,Trading Places,2008,45,17
Usher,Lemme See,2012,46,20
Usher,Think Of You,1995,58,19
Usher,Can U Get Wit It,1994,59,16
Usher,Pop Ya Collar,2000,60,7
Usher,Good Kisser,2014,65,19
Usher,Moving Mountains,2008,67,9
Usher,Numb,2012,69,7
Usher,Good Love,2022,70,5
Usher,She Came To Give It To You,2014,89,2
Usher,One,2013,98,1
Chicago,Hard To Say I'm Sorry,1982,1,24
Chicago,If You Leave Me Now,1976,1,21
Chicago,Look Away,1988,1,24
Chicago,Hard Habit To Break,1984,3,25
Chicago,I Don't Wanna Live Without Your Love,1988,3,21
Chicago,Saturday In The Park,1972,3,12
Chicago,Will You Still Love Me?,1986,3,23
Chicago,You're The Inspiration,1984,3,22
Chicago,25 Or 6 To 4,1970,4,20
Chicago,"Baby, What A Big Surprise",1977,4,17
Chicago,Just You 'n' Me,1973,4,19
Chicago,Old Days,1975,5,11
Chicago,What Kind Of Man Would I Be?,1989,5,18
Chicago,Call On Me,1974,6,15
Chicago,Beginnings/Colour My World,1971,7,13
Chicago,Does Anybody Really Know What Time It Is?,1970,7,13
Chicago,(i've Been) Searchin' So Long,1974,9,15
Chicago,Make Me Smile,1970,9,14
Chicago,Feelin' Stronger Every Day,1973,10,16
Chicago,You're Not Alone,1989,10,17
Chicago,Wishing You Were Here,1974,11,15
Chicago,Harry Truman,1975,13,9
Chicago,Alive Again,1978,14,13
Chicago,Along Comes A Woman,1985,14,16
Chicago,No Tell Lover,1978,14,15
Chicago,Stay The Night,1984,16,17
Chicago,If She Would Have Been Faithful. . .,1987,17,19
Chicago,Free,1971,20,9
Chicago,Love Me Tomorrow,1982,22,15
Chicago,Dialogue (Part I & II),1972,24,10
Chicago,Questions 67 And 68/I'm A Man,1971,24,10
Chicago,Another Rainy Day In New York City,1976,32,9
Chicago,Lowdown,1971,35,8
Chicago,Chasin' The Wind,1991,39,11
Chicago,Little One,1978,44,9
Chicago,You Are On My Mind,1977,49,7
Chicago,We Can Last Forever,1989,55,12
Chicago,Thunder And Lightning,1980,56,9
Chicago,Brand New Love Affair (Part I & II),1975,61,5
Chicago,Take Me Back To Chicago,1978,63,5
Chicago,Questions 67 And 68,1969,71,3
Chicago,Gone Long Gone,1979,73,3
Chicago,"Hearts In Trouble (From ""Days Of Thunder"")",1990,75,5
Chicago,What You're Missing,1983,81,5
Chicago,Must Have Been Crazy,1979,83,5
Chicago,Niagara Falls,1987,91,3
The Supremes,Baby Love,1964,1,13
The Supremes,Back In My Arms Again,1965,1,11
The Supremes,Come See About Me,1964,1,14
The Supremes,I Hear A Symphony,1965,1,10
The Supremes,Love Child,1968,1,16
The Supremes,Love Is Here And Now You're Gone,1967,1,11
The Supremes,Someday We'll Be Together,1969,1,16
The Supremes,Stop! In The Name Of Love,1965,1,12
The Supremes,The Happening,1967,1,11
The Supremes,Where Did Our Love Go,1964,1,14
The Supremes,You Can't Hurry Love,1966,1,13
The Supremes,You Keep Me Hangin' On,1966,1,12
The Supremes,I'm Gonna Make You Love Me,1968,2,13
The Supremes,Reflections,1967,2,11
The Supremes,My World Is Empty Without You,1966,5,11
The Supremes,Stoned Love,1970,7,14
The Supremes,In And Out Of Love,1967,9,8
The Supremes,Love Is Like An Itching In My Heart,1966,9,8
The Supremes,I'm Livin' In Shame,1969,10,8
The Supremes,Up The Ladder To The Roof,1970,10,11
The Supremes,Nothing But Heartaches,1965,11,9
The Supremes,River Deep - Mountain High,1970,14,10
The Supremes,Floy Joy,1972,16,12
The Supremes,Nathan Jones,1971,16,10
The Supremes,Everybody's Got The Right To Love,1970,21,11
The Supremes,When The Lovelight Starts Shining Through His Eyes,1963,23,11
The Supremes,The Composer,1969,27,6
The Supremes,Forever Came Today,1968,28,9
The Supremes,Some Things You Never Get Used To,1968,30,7
The Supremes,No Matter What Sign You Are,1969,31,6
The Supremes,Automatically Sunshine,1972,37,9
The Supremes,I'm Gonna Let My Heart Do The Walking,1976,40,14
The Supremes,You Gotta Have Love In Your Heart,1971,55,5
The Supremes,"Your Wonderful, Sweet Sweet Love",1972,59,8
The Supremes,The Young Folks,1969,69,5
The Supremes,Touch,1971,71,4
The Supremes,A Breath Taking Guy,1963,75,7
The Supremes,I Guess I'll Miss The Man,1972,85,7
The Supremes,You're My Driving Wheel,1976,85,5
The Supremes,Bad Weather,1973,87,1
The Supremes,Let Me Go The Right Way,1962,90,6
The Supremes,"Run, Run, Run",1964,93,2
The Supremes,Your Heart Belongs To Me,1962,95,3
Prince,"Batdance (From ""Batman"")",1989,1,18
Prince,Cream,1991,1,20
Prince,Kiss,1986,1,20
Prince,Let's Go Crazy,1984,1,21
Prince,When Doves Cry,1984,1,23
Prince,Purple Rain,1984,2,22
Prince,Raspberry Beret,1985,2,18
Prince,U Got The Look,1987,2,25
Prince,Diamonds And Pearls,1991,3,21
Prince,Sign 'O' The Times,1987,3,14
Prince,The Most Beautiful Girl In The World,1994,3,26
Prince,Little Red Corvette,1983,6,24
Prince,Thieves In The Temple,1990,6,13
Prince,7,1992,7,23
Prince,Pop Life,1985,7,14
Prince,Alphabet St.,1988,8,13
Prince,Delirious,1983,8,18
Prince,I Would Die 4 U,1984,8,16
Prince,I Could Never Take The Place Of Your Man,1987,10,17
Prince,I Wanna Be Your Lover,1979,11,16
Prince,1999,1982,12,30
Prince,I Hate U,1995,12,10
Prince,Partyman,1989,18,10
Prince,Gett Off,1991,21,14
Prince,Money Don't Matter 2 Night,1992,23,13
Prince,Mountains,1986,23,11
Prince,Take Me With U,1985,25,12
Prince,Letitgo,1994,31,14
Prince,My Name Is Prince,1992,36,11
Prince,The Arms Of Orion,1989,36,14
Prince,The Morning Papers,1993,44,11
Prince,America,1985,46,7
Prince,Pink Cashmere,1993,50,9
Prince,LET's PRETEND WE'rE MARRIED,1983,52,10
Prince,Black Sweat,2006,60,1
Prince,Anotherloverholenyohead,1986,63,10
Prince,Hot Thing,1988,63,9
Prince,The Greatest Romance Ever Sold,1999,63,13
Prince,New Power Generation,1990,64,5
Prince,Sexy MF,1992,66,4
Prince,If I Was Your Girlfriend,1987,67,6
Prince,Controversy,1981,70,11
Prince,Call My Name,2004,75,18
Prince,Insatiable,1991,77,7
Prince,Purple Medley,1995,84,2
Prince,Gold,1995,88,2
Prince,Soft And Wet,1978,92,4
Daryl Hall John Oates,I Can't Go For That (No Can Do),1981,1,21
Daryl Hall John Oates,Kiss On My List,1981,1,23
Daryl Hall John Oates,Maneater,1982,1,23
Daryl Hall John Oates,Out Of Touch,1984,1,23
Daryl Hall John Oates,Private Eyes,1981,1,23
Daryl Hall John Oates,Rich Girl,1977,1,20
Daryl Hall John Oates,Say It Isn't So,1983,2,18
Daryl Hall John Oates,Everything Your Heart Desires,1988,3,16
Daryl Hall John Oates,Sara Smile,1976,4,28
Daryl Hall John Oates,Method Of Modern Love,1984,5,19
Daryl Hall John Oates,You Make My Dreams,1981,5,21
Daryl Hall John Oates,Family Man,1983,6,16
Daryl Hall John Oates,One On One,1983,7,18
Daryl Hall John Oates,She's Gone,1974,7,28
Daryl Hall John Oates,Adult Education,1984,8,17
Daryl Hall John Oates,Did It In A Minute,1982,9,16
Daryl Hall John Oates,So Close,1990,11,19
Daryl Hall John Oates,You've Lost That Lovin' Feeling,1980,12,20
Daryl Hall John Oates,Some Things Are Better Left Unsaid,1985,18,13
Daryl Hall John Oates,Wait For Me,1979,18,19
Daryl Hall John Oates,It's A Laugh,1978,20,14
Daryl Hall John Oates,The Way You Do The Things You Do/My Girl,1985,20,11
Daryl Hall John Oates,Back Together Again,1977,28,10
Daryl Hall John Oates,Missed Opportunity,1988,29,11
Daryl Hall John Oates,How Does It Feel To Be Back,1980,30,13
Daryl Hall John Oates,Possession Obsession,1985,30,12
Daryl Hall John Oates,Downtown Life,1988,31,9
Daryl Hall John Oates,Your Imagination,1982,33,11
Daryl Hall John Oates,"Do What You Want, Be What You Are",1976,39,15
Daryl Hall John Oates,Don't Hold Back Your Love,1991,41,11
Daryl Hall John Oates,I Don't Wanna Lose You,1978,42,10
Daryl Hall John Oates,Why Do Lovers (Break Each Other's Heart?),1977,73,6
Daryl Hall John Oates,It's Uncanny,1977,80,3
Daryl Hall John Oates,I'll Be Around,2005,97,3
Rod Stewart,All For Love,1993,1,22
Rod Stewart,Da Ya Think I'm Sexy?,1978,1,21
Rod Stewart,Maggie May/Reason To Believe,1971,1,21
Rod Stewart,Tonight's The Night (Gonna Be Alright),1976,1,23
Rod Stewart,Downtown Train,1989,3,18
Rod Stewart,My Heart Can't Tell You No,1988,4,25
Rod Stewart,You're In My Heart (The Final Acclaim),1977,4,22
Rod Stewart,Have I Told You Lately,1993,5,22
Rod Stewart,Passion,1980,5,20
Rod Stewart,Rhythm Of My Heart,1991,5,18
Rod Stewart,Young Turks,1981,5,19
Rod Stewart,Infatuation,1984,6,18
Rod Stewart,"Love Touch (Theme From ""Legal Eagles"")",1986,6,18
Rod Stewart,Some Guys Have All The Luck,1984,10,17
Rod Stewart,The Motown Song,1991,10,17
Rod Stewart,This Old Heart Of Mine,1976,10,16
Rod Stewart,Crazy About Her,1989,11,17
Rod Stewart,Forever Young,1988,12,24
Rod Stewart,Lost In You,1988,12,18
Rod Stewart,You Wear It Well,1972,13,10
Rod Stewart,Baby Jane,1983,14,14
Rod Stewart,Reason To Believe,1993,19,20
Rod Stewart,Broken Arrow,1991,20,20
Rod Stewart,Tonight I'm Yours (Don't Hurt Me),1982,20,14
Rod Stewart,The First Cut Is The Deepest,1977,21,12
Rod Stewart,Ain't Love A Bitch,1979,22,12
Rod Stewart,I Was Only Joking,1978,22,12
Rod Stewart,(I Know) I'm Losing You,1971,24,9
Rod Stewart,Hot Legs,1978,28,11
Rod Stewart,The Killing Of Georgie (Part I And II),1977,30,10
Rod Stewart,What Am I Gonna Do (I'm So In Love With You),1983,35,12
Rod Stewart,Having A Party,1994,36,20
Rod Stewart,Ooh La La,1998,39,20
Rod Stewart,Angel,1972,40,7
Rod Stewart,Handbags And Gladrags,1972,42,6
Rod Stewart,I Don't Want To Talk About It,1979,46,11
Rod Stewart,People Get Ready,1985,48,10
Rod Stewart,Your Song,1992,48,9
Rod Stewart,How Long,1982,49,9
Rod Stewart,Another Heartache,1986,52,9
Rod Stewart,Leave Virginia Alone,1995,52,12
Rod Stewart,If We Fall In Love Tonight,1996,54,20
Rod Stewart,Sailing,1975,58,7
Rod Stewart,Oh! No Not My Baby,1973,59,8
Rod Stewart,Twisting The Night Away,1973,59,7
Rod Stewart,Somebody Special,1981,71,5
Rod Stewart,All Right Now,1984,72,6
Rod Stewart,"Twistin' The Night Away (From ""Innerspace"")",1987,80,4
Rod Stewart,Every Beat Of My Heart,1986,83,6
Rod Stewart,Mine For Me,1974,91,2
Taylor Swift,All Too Well (Taylor's Version),2021,1,15
Taylor Swift,Anti-Hero,2022,1,53
Taylor Swift,Bad Blood,2014,1,25
Taylor Swift,Blank Space,2014,1,38
Taylor Swift,Cardigan,2020,1,14
Taylor Swift,Cruel Summer,2019,1,54
Taylor Swift,Fortnight,2024,1,21
Taylor Swift,"I Knew It, I Knew You",2026,1,9
Taylor Swift,Is It Over Now? (Taylor's Version) [From The Vault],2023,1,22
Taylor Swift,Look What You Made Me Do,2017,1,20
Taylor Swift,Opalite,2025,1,32
Taylor Swift,Shake It Off,2014,1,50
Taylor Swift,The Fate Of Ophelia,2025,1,32
Taylor Swift,We Are Never Ever Getting Back Together,2012,1,24
Taylor Swift,Willow,2020,1,20
Taylor Swift,Down Bad,2024,2,12
Taylor Swift,I Don't Wanna Live Forever (Fifty Shades Darker),2016,2,23
Taylor Swift,I Knew You Were Trouble.,2012,2,36
Taylor Swift,Karma,2022,2,30
Taylor Swift,Lavender Haze,2022,2,29
Taylor Swift,ME!,2019,2,20
Taylor Swift,Now That We Don't Talk (Taylor's Version) [From The Vault],2023,2,8
Taylor Swift,Today Was A Fairytale,2010,2,18
Taylor Swift,You Belong With Me,2008,2,50
Taylor Swift,You Need To Calm Down,2019,2,21
Taylor Swift,Elizabeth Taylor,2025,3,29
Taylor Swift,I Can Do It With A Broken Heart,2024,3,31
Taylor Swift,Maroon,2022,3,7
Taylor Swift,Mine,2010,3,23
Taylor Swift,Slut! (Taylor's Version) [From The Vault],2023,3,5
Taylor Swift,...Ready For It?,2017,4,20
Taylor Swift,Father Figure,2025,4,15
Taylor Swift,Love Story,2008,4,49
Taylor Swift,Snow On The Beach,2022,4,8
Taylor Swift,The 1,2020,4,6
Taylor Swift,The Tortured Poets Department,2024,4,7
Taylor Swift,I Can See You (Taylor's Version) (From The Vault),2023,5,7
Taylor Swift,Midnight Rain,2022,5,8
Taylor Swift,Say Don't Go (Taylor's Version) [From The Vault],2023,5,5
Taylor Swift,"So Long, London",2024,5,8
Taylor Swift,Wildest Dreams,2014,5,27
Taylor Swift,Wood,2025,5,7
Taylor Swift,Back To December,2010,6,20
Taylor Swift,Bejeweled,2022,6,9
Taylor Swift,Exile,2020,6,5
Taylor Swift,My Boy Only Breaks His Favorite Toys,2024,6,8
Taylor Swift,Red,2012,6,22
Taylor Swift,Style,2014,6,32
Taylor Swift,Wi$h Li$t,2025,6,12
Taylor Swift,Actually Romantic,2025,7,7
Taylor Swift,Bad Blood (Taylor's Version),2023,7,3
Taylor Swift,Begin Again,2012,7,20
Taylor Swift,But Daddy I Love Him,2024,7,8
Taylor Swift,Question...?,2022,7,5
Taylor Swift,Florida!!!,2024,8,7
Taylor Swift,Speak Now,2010,8,3
Taylor Swift,The Life Of A Showgirl,2025,8,11
Taylor Swift,"You're On Your Own, Kid",2022,8,6
Taylor Swift,Eldest Daughter,2025,9,7
Taylor Swift,Fearless,2008,9,15
Taylor Swift,Style (Taylor's Version),2023,9,4
Taylor Swift,Who's Afraid Of Little Old Me?,2024,9,11
Taylor Swift,Cancelled!,2025,10,7
Taylor Swift,Change,2008,10,3
Taylor Swift,Guilty As Sin?,2024,10,10
Taylor Swift,If This Was A Movie,2011,10,2
Taylor Swift,Jump Then Fall,2009,10,3
Taylor Swift,Lover,2019,10,22
Taylor Swift,Suburban Legends (Taylor's Version) [From The Vault],2023,10,3
Taylor Swift,Vigilante Shit,2022,10,6
Taylor Swift,Fresh Out The Slammer,2024,11,5
Taylor Swift,Love Story (Taylor's Version),2021,11,2
Taylor Swift,Mean,2010,11,20
Taylor Swift,Ruin The Friendship,2025,11,8
Taylor Swift,You're Not Sorry,2008,11,5
Taylor Swift,All Of The Girls You Loved Before,2023,12,6
Taylor Swift,Blank Space (Taylor's Version),2023,12,3
Taylor Swift,Delicate,2018,12,35
Taylor Swift,Honey,2025,12,6
Taylor Swift,loml,2024,12,7
Taylor Swift,Gorgeous,2017,13,4
Taylor Swift,Mastermind,2022,13,5
Taylor Swift,Ours,2011,13,20
Taylor Swift,State Of Grace,2012,13,1
Taylor Swift,Teardrops On My Guitar,2007,13,48
Taylor Swift,The Alchemy,2024,13,6
Taylor Swift,The Last Great American Dynasty,2020,13,2
Taylor Swift,White Horse,2008,13,22
Taylor Swift,Labyrinth,2022,14,5
Taylor Swift,The Smallest Man Who Ever Lived,2024,14,7
Taylor Swift,Welcome To New York (Taylor's Version),2023,14,2
Taylor Swift,Mine (Taylor's Version),2023,15,2
Taylor Swift,Sweet Nothing,2022,15,5
Taylor Swift,Back To December (Taylor's Version),2023,16,2
Taylor Swift,My Tears Ricochet,2020,16,2
Taylor Swift,Our Song,2007,16,36
Taylor Swift,Out Of The Woods (Taylor's Version),2023,16,3
Taylor Swift,Ronan,2012,16,2
Taylor Swift,Crazier,2009,17,8
Taylor Swift,Sparks Fly,2010,17,20
Taylor Swift,End Game,2017,18,14
Taylor Swift,Out Of The Woods,2014,18,10
Taylor Swift,State Of Grace (Taylor's Version),2021,18,2
Taylor Swift,Enchanted (Taylor's Version),2023,19,3
Taylor Swift,Eyes Open,2012,19,13
Taylor Swift,Untouchable,2009,19,2
Taylor Swift,Wildest Dreams (Taylor's Version),2021,19,4
Taylor Swift,22,2012,20,20
Taylor Swift,All You Had To Do Was Stay (Taylor's Version),2023,20,2
Taylor Swift,I Can Fix Him (No Really I Can),2024,20,5
Taylor Swift,"Would've, Could've, Should've",2022,20,4
Taylor Swift,Bigger Than The Whole Sky,2022,21,4
Taylor Swift,Champagne Problems,2020,21,2
Taylor Swift,Clara Bow,2024,21,4
Taylor Swift,I Bet You Think About Me (Taylor's Version) (From The Vault),2021,22,2
Taylor Swift,Sparks Fly (Taylor's Version),2023,22,2
Taylor Swift,August,2020,23,2
Taylor Swift,Fifteen,2008,23,21
Taylor Swift,The Man,2019,23,8
Taylor Swift,The Other Side Of The Door,2009,23,2
Taylor Swift,thanK you aIMee,2024,23,3
Taylor Swift,So High School,2024,24,5
Taylor Swift,Red (Taylor's Version),2021,25,2
Taylor Swift,The Black Dog,2024,25,4
Taylor Swift,Dear John (Taylor's Version),2023,26,1
Taylor Swift,Mirrorball,2020,26,2
Taylor Swift,Superman,2011,26,1
Taylor Swift,Superstar,2009,26,1
Taylor Swift,The Great War,2022,26,4
Taylor Swift,imgonnagetyouback,2024,26,5
Taylor Swift,Call It What You Want,2017,27,2
Taylor Swift,Hits Different,2023,27,3
Taylor Swift,Innocent,2010,27,1
Taylor Swift,You're Losing Me (From The Vault),2023,27,7
Taylor Swift,Better Than Revenge (Taylor's Version),2023,28,1
Taylor Swift,I Forgot That You Existed,2019,28,2
Taylor Swift,Picture To Burn,2008,28,20
Taylor Swift,Shake It Off (Taylor's Version),2023,28,2
Taylor Swift,New Romantics (Taylor's Version),2023,29,2
Taylor Swift,Clean (Taylor's Version),2023,30,2
Taylor Swift,Come In With The Rain,2009,30,1
Taylor Swift,Mr. Perfectly Fine (Taylor's Version) (From The Vault),2021,30,3
Taylor Swift,Safe & Sound,2012,30,17
Taylor Swift,The Albatross,2024,30,3
Taylor Swift,Castles Crumbling (Taylor's Version) (From The Vault),2023,31,1
Taylor Swift,I Wish You Would (Taylor's Version),2023,31,1
Taylor Swift,Everything Has Changed,2012,32,20
Taylor Swift,Paris,2022,32,3
Taylor Swift,The Prophecy,2024,32,4
Taylor Swift,High Infidelity,2022,33,3
Taylor Swift,Should've Said No,2008,33,20
Taylor Swift,Speak Now (Taylor's Version),2023,33,1
Taylor Swift,Forever & Always,2008,34,3
Taylor Swift,I Hate It Here,2024,34,3
Taylor Swift,"No Body, No Crime",2020,34,2
Taylor Swift,Sweeter Than Fiction,2013,34,1
Taylor Swift,When Emma Falls In Love (Taylor's Version) (From The Vault),2023,34,1
Taylor Swift,Electric Touch (Taylor's Version) (From The Vault),2023,35,1
Taylor Swift,How Did It End?,2024,35,4
Taylor Swift,Seven,2020,35,2
Taylor Swift,Chloe Or Sam Or Sophia Or Marcus,2024,36,3
Taylor Swift,I Know Places (Taylor's Version),2023,36,1
Taylor Swift,Invisible String,2020,37,2
Taylor Swift,The Archer,2019,38,3
Taylor Swift,'Tis The Damn Season,2020,39,2
Taylor Swift,I Look In People's Windows,2024,39,2
Taylor Swift,Mean (Taylor's Version),2023,39,1
Taylor Swift,This Is Me Trying,2020,39,1
Taylor Swift,Wonderland (Taylor's Version),2023,39,1
Taylor Swift,Foolish One (Taylor's Version) (From The Vault),2023,40,1
Taylor Swift,Gold Rush,2020,40,1
Taylor Swift,How You Get The Girl (Taylor's Version),2023,40,1
Taylor Swift,Tim McGraw,2006,40,20
Taylor Swift,Glitch,2022,41,2
Taylor Swift,The Story Of Us,2010,41,12
Taylor Swift,Betty,2020,42,2
Taylor Swift,The Story Of Us (Taylor's Version),2023,42,1
Taylor Swift,This Love (Taylor's Version),2022,42,2
Taylor Swift,Nothing New (Taylor's Version) (From The Vault),2021,43,1
Taylor Swift,You Are In Love (Taylor's Version),2023,43,1
Taylor Swift,Cassandra,2024,44,2
Taylor Swift,Illicit Affairs,2020,44,1
Taylor Swift,Dear Reader,2022,45,2
Taylor Swift,Message In A Bottle (Taylor's Version) (From The Vault),2021,45,13
Taylor Swift,Paper Rings,2019,45,1
Taylor Swift,Tolerate It,2020,45,1
Taylor Swift,I Knew You Were Trouble (Taylor's Version),2021,46,1
Taylor Swift,New Romantics,2015,46,8
Taylor Swift,Peter,2024,46,2
Taylor Swift,You're Losing Me,2023,46,1
Taylor Swift,Mad Woman,2020,47,1
Taylor Swift,Run (Taylor's Version) (From The Vault),2021,47,1
Taylor Swift,The Bolter,2024,47,2
Taylor Swift,Timeless (Taylor's Version) (From The Vault),2023,48,1
Taylor Swift,Welcome To New York,2014,48,2
Taylor Swift,Miss Americana & The Heartbreak Prince,2019,49,1
Taylor Swift,Haunted (Taylor's Version),2023,50,1
Taylor Swift,Only The Young,2020,50,1
Taylor Swift,Better Man (Taylor's Version) (From The Vault),2021,51,1
Taylor Swift,I Think He Knows,2019,51,1
Taylor Swift,The Manuscript,2024,51,2
Taylor Swift,Wonderland,2015,51,1
Taylor Swift,You All Over Me (Taylor's Version) (From The Vault),2021,51,2
Taylor Swift,22 (Taylor's Version),2021,52,1
Taylor Swift,Happiness,2020,52,1
Taylor Swift,Long Live (Taylor's Version),2023,53,1
Taylor Swift,Dear John,2010,54,1
Taylor Swift,Treacherous (Taylor's Version),2021,54,1
Taylor Swift,Robin,2024,55,1
Taylor Swift,We Are Never Ever Getting Back Together (Taylor's Version),2021,55,1
Taylor Swift,Better Than Revenge,2010,56,1
Taylor Swift,Cornelia Street,2019,57,1
Taylor Swift,Epiphany,2020,57,1
Taylor Swift,Evermore,2020,57,1
Taylor Swift,Last Kiss (Taylor's Version),2023,57,1
Taylor Swift,Never Grow Up (Taylor's Version),2023,58,1
Taylor Swift,Peace,2020,58,1
Taylor Swift,Christmas Tree Farm,2019,59,1
Taylor Swift,I Almost Do (Taylor's Version),2021,59,1
Taylor Swift,Carolina,2022,60,1
Taylor Swift,Ivy,2020,61,1
Taylor Swift,The Very First Night (Taylor's Version) (From The Vault),2021,61,1
Taylor Swift,Christmas Tree Farm (Old Timey Version),2021,62,5
Taylor Swift,London Boy,2019,62,1
Taylor Swift,Coney Island,2020,63,1
Taylor Swift,Everything Has Changed (Taylor's Version),2021,63,1
Taylor Swift,Haunted,2010,63,2
Taylor Swift,Innocent (Taylor's Version),2023,63,1
Taylor Swift,Soon You'll Get Better,2019,63,1
Taylor Swift,The Moment I Knew,2013,64,1
Taylor Swift,Forever & Always (Taylor's Version),2021,65,1
Taylor Swift,I Almost Do,2012,65,1
Taylor Swift,The Last Time (Taylor's Version),2021,66,1
Taylor Swift,Death By A Thousand Cuts,2019,67,1
Taylor Swift,Dorothea,2020,67,1
Taylor Swift,Stay Stay Stay (Taylor's Version),2021,67,1
Taylor Swift,Long Story Short,2020,68,1
Taylor Swift,Babe (Taylor's Version) (From The Vault),2021,69,1
Taylor Swift,Ours (Taylor's Version),2023,69,1
Taylor Swift,Cowboy Like Me,2020,71,1
Taylor Swift,Fearless (Taylor's Version),2021,71,1
Taylor Swift,Hoax,2020,71,1
Taylor Swift,Last Kiss,2010,71,1
Taylor Swift,Breathless,2010,72,1
Taylor Swift,The Way I Loved You,2008,72,1
Taylor Swift,Superman (Taylor's Version),2023,74,1
Taylor Swift,Afterglow,2019,75,1
Taylor Swift,Enchanted,2010,75,1
Taylor Swift,Marjorie,2020,75,1
Taylor Swift,You Belong With Me (Taylor's Version),2021,75,1
Taylor Swift,Holy Ground (Taylor's Version),2021,76,1
Taylor Swift,Begin Again (Taylor's Version),2021,77,1
Taylor Swift,False God,2019,77,1
Taylor Swift,Forever Winter (Taylor's Version) (From The Vault),2021,79,1
Taylor Swift,All Too Well,2012,80,1
Taylor Swift,Closure,2020,82,1
Taylor Swift,The Moment I Knew (Taylor's Version),2021,83,1
Taylor Swift,You Are In Love,2015,83,1
Taylor Swift,Never Grow Up,2010,84,1
Taylor Swift,The Lucky One (Taylor's Version),2021,84,1
Taylor Swift,Long Live,2010,85,1
Taylor Swift,Sad Beautiful Tragic (Taylor's Version),2021,85,1
Taylor Swift,Breathe,2008,87,1
Taylor Swift,Come Back...Be Here (Taylor's Version),2021,87,1
Taylor Swift,Fifteen (Taylor's Version),2021,88,1
Taylor Swift,Daylight,2019,89,1
Taylor Swift,Starlight (Taylor's Version),2021,90,1
Taylor Swift,Stay Stay Stay,2012,91,1
Taylor Swift,It's Nice To Have A Friend,2019,92,1
Taylor Swift,Hey Stephen,2008,94,1
Taylor Swift,The Way I Loved You (Taylor's Version),2021,94,1
Olivia Newton-John,Have You Never Been Mellow,1975,1,16
Olivia Newton-John,I Honestly Love You,1974,1,24
Olivia Newton-John,Magic,1980,1,23
Olivia Newton-John,Physical,1981,1,26
Olivia Newton-John,You're The One That I Want,1978,1,24
Olivia Newton-John,A Little More Love,1978,3,20
Olivia Newton-John,Heart Attack,1982,3,21
Olivia Newton-John,Hopelessly Devoted To You,1978,3,19
Olivia Newton-John,Please Mr. Please,1975,3,15
Olivia Newton-John,If You Love Me (let Me Know),1974,5,20
Olivia Newton-John,Make A Move On Me,1982,5,14
Olivia Newton-John,Summer Nights,1978,5,16
Olivia Newton-John,Twist Of Fate,1983,5,18
Olivia Newton-John,Let Me Be There,1973,6,19
Olivia Newton-John,Xanadu,1980,8,17
Olivia Newton-John,Deeper Than The Night,1979,11,13
Olivia Newton-John,I Can't Help It,1980,12,13
Olivia Newton-John,Something Better To Do,1975,13,11
Olivia Newton-John,Sam,1977,20,13
Olivia Newton-John,Soul Kiss,1985,20,15
Olivia Newton-John,Suddenly,1980,20,19
Olivia Newton-John,Come On Over,1976,23,12
Olivia Newton-John,If Not For You,1971,25,17
Olivia Newton-John,Let It Shine/He Ain't Heavy...He's My Brother,1975,30,9
Olivia Newton-John,Livin' In Desperate Times,1984,31,10
Olivia Newton-John,Don't Stop Believin',1976,33,9
Olivia Newton-John,Tied Up,1983,38,11
Olivia Newton-John,Landslide,1982,52,8
Olivia Newton-John,Totally Hot,1979,52,6
Olivia Newton-John,Every Face Tells A Story,1976,55,9
Olivia Newton-John,The Rumour,1988,62,6
Olivia Newton-John,I Honestly Love You (David Foster Vers.),1998,67,12
Olivia Newton-John,The Best Of Me,1986,80,8
Olivia Newton-John,Dancin' 'round And 'round,1979,82,2
Olivia Newton-John,Making A Good Thing Better,1977,87,4
Olivia Newton-John,Banks Of The Ohio,1971,94,4
Olivia Newton-John,I Need Love,1992,96,2
Aretha Franklin,I Knew You Were Waiting (For Me),1987,1,17
Aretha Franklin,Respect,1967,1,12
Aretha Franklin,Chain Of Fools,1967,2,12
Aretha Franklin,Spanish Harlem,1971,2,12
Aretha Franklin,Freeway Of Love,1985,3,19
Aretha Franklin,Until You Come Back To Me (That's What I'm Gonna Do),1973,3,21
Aretha Franklin,Baby I Love You,1967,4,11
Aretha Franklin,(Sweet Sweet Baby) Since You've Been Gone,1968,5,12
Aretha Franklin,Day Dreaming,1972,5,12
Aretha Franklin,Bridge Over Troubled Water/Brand New Me,1971,6,12
Aretha Franklin,The House That Jack Built,1968,6,9
Aretha Franklin,Think,1968,7,10
Aretha Franklin,Who's Zoomin' Who,1985,7,19
Aretha Franklin,(You Make Me Feel Like) A Natural Woman,1967,8,9
Aretha Franklin,I Never Loved A Man (The Way I Love You),1967,9,11
Aretha Franklin,Rock Steady,1971,9,9
Aretha Franklin,I Say A Little Prayer,1968,10,11
Aretha Franklin,Don't Play That Song,1970,11,10
Aretha Franklin,Call Me/Son Of A Preacher Man,1970,13,12
Aretha Franklin,Share Your Love With Me,1969,13,10
Aretha Franklin,See Saw,1968,14,8
Aretha Franklin,Ain't No Way,1968,16,8
Aretha Franklin,Through The Storm,1989,16,11
Aretha Franklin,Eleanor Rigby,1969,17,8
Aretha Franklin,Sisters Are Doin' It For Themselves,1985,18,15
Aretha Franklin,I'm In Love,1974,19,13
Aretha Franklin,The Weight,1969,19,7
Aretha Franklin,You're All I Need To Get By,1971,19,9
Aretha Franklin,Angel,1973,20,13
Aretha Franklin,Jumpin' Jack Flash,1986,21,11
Aretha Franklin,Another Night,1986,22,14
Aretha Franklin,Spirit In The Dark,1970,23,8
Aretha Franklin,Jump To It,1982,24,12
Aretha Franklin,A Rose Is Still A Rose,1998,26,18
Aretha Franklin,All The Kings Horses,1972,26,8
Aretha Franklin,Willing To Forgive,1994,26,20
Aretha Franklin,I Can't See Myself Leaving You,1969,28,8
Aretha Franklin,Jimmy Lee,1986,28,13
Aretha Franklin,Something He Can Feel,1976,28,12
Aretha Franklin,My Song,1968,31,7
Aretha Franklin,Master Of Eyes (The Deepness Of Your Eyes),1973,33,10
Aretha Franklin,Border Song (Holy Moses)/You And Me,1970,37,7
Aretha Franklin,Rock-A-Bye Your Baby With A Dixie Melody,1961,37,9
Aretha Franklin,"It Isn't, It Wasn't, It Ain't Never Gonna Be",1989,41,8
Aretha Franklin,Without Love,1974,45,8
Aretha Franklin,Love All The Hurt Away,1981,46,10
Aretha Franklin,Ain't Nothing Like The Real Thing,1974,47,7
Aretha Franklin,Mr. D.J. (5 For The D.J.),1975,53,5
Aretha Franklin,Take A Look,1967,56,8
Aretha Franklin,United Together,1980,56,8
Aretha Franklin,You Send Me,1968,56,6
Aretha Franklin,Runnin' Out Of Fools,1964,57,10
Aretha Franklin,Get It Right,1983,61,8
Aretha Franklin,"A Deeper Love (From ""Sister Act 2"")",1994,63,9
Aretha Franklin,Tracks Of My Tears,1969,71,6
Aretha Franklin,Jump,1976,72,5
Aretha Franklin,Oh Me Oh My (I'm A Fool For You Baby),1972,73,4
Aretha Franklin,Gentle On My Mind,1969,76,3
Aretha Franklin,Here We Go Again,1998,76,11
Aretha Franklin,Won't Be Long,1961,76,3
Aretha Franklin,Wholy Holy,1972,81,4
Aretha Franklin,Look Into Your Heart,1977,82,4
Aretha Franklin,Rock-A-Lott,1987,82,4
Aretha Franklin,Soulville,1968,83,3
Aretha Franklin,Come To Me,1981,84,3
Aretha Franklin,Break It To Me Gently,1977,85,2
Aretha Franklin,Trouble In Mind,1962,86,5
Aretha Franklin,"I Surrender, Dear",1962,87,5
Aretha Franklin,"Don't Cry, Baby",1962,92,1
Aretha Franklin,Mockingbird,1967,94,2
Aretha Franklin,Rough Lover,1962,94,1
Aretha Franklin,Can't You Just See Me,1965,96,2
Aretha Franklin,Try A Little Tenderness,1962,100,1
Maroon 5,Girls Like You,2018,1,52
Maroon 5,Makes Me Wonder,2007,1,26
Maroon 5,Moves Like Jagger,2011,1,49
Maroon 5,One More Night,2012,1,42
Maroon 5,Memories,2019,2,41
Maroon 5,Payphone,2012,2,31
Maroon 5,Sugar,2015,2,42
Maroon 5,Animals,2014,3,33
Maroon 5,She Will Be Loved,2004,5,41
Maroon 5,This Love,2004,5,43
Maroon 5,Don't Wanna Know,2016,6,27
Maroon 5,Maps,2014,6,22
Maroon 5,Daylight,2012,7,25
Maroon 5,What Lovers Do,2017,9,22
Maroon 5,Love Somebody,2013,10,21
Maroon 5,Beautiful Mistakes,2021,13,25
Maroon 5,Misery,2010,14,20
Maroon 5,Cold,2017,16,20
Maroon 5,Harder To Breathe,2003,18,22
Maroon 5,Wake Up Call,2007,19,22
Maroon 5,This Summer's Gonna Hurt...,2015,23,13
Maroon 5,Wait,2017,24,24
Maroon 5,Sunday Morning,2005,31,20
Maroon 5,Nobody's Love,2020,41,10
Maroon 5,It Was Always You,2014,45,3
Maroon 5,Won't Go Home Without You,2007,48,20
Maroon 5,If I Never See Your Face Again,2008,51,20
Maroon 5,Never Gonna Leave This Bed,2011,55,18
Maroon 5,Priceless,2025,76,1
Maroon 5,Wipe Your Eyes,2012,80,1
Maroon 5,Come Away To The Water,2012,83,1
Maroon 5,Stutter,2010,84,1
Maroon 5,Give A Little More,2010,86,1
Marvin Gaye,Got To Give It Up (Pt. I),1977,1,18
Marvin Gaye,I Heard It Through The Grapevine,1968,1,15
Marvin Gaye,Let's Get It On,1973,1,19
Marvin Gaye,What's Going On,1971,2,15
Marvin Gaye,Sexual Healing,1982,3,21
Marvin Gaye,"Mercy, Mercy Me (The Ecology)",1971,4,12
Marvin Gaye,Too Busy Thinking About My Baby,1969,4,15
Marvin Gaye,Your Precious Love,1967,5,13
Marvin Gaye,How Sweet It Is To Be Loved By You,1964,6,14
Marvin Gaye,That's The Way Love Is,1969,7,12
Marvin Gaye,Trouble Man,1972,7,12
Marvin Gaye,You're All I Need To Get By,1968,7,12
Marvin Gaye,Ain't Nothing Like The Real Thing,1968,8,13
Marvin Gaye,Ain't That Peculiar,1965,8,12
Marvin Gaye,I'll Be Doggone,1965,8,12
Marvin Gaye,Inner City Blues (Make Me Wanna Holler),1971,9,9
Marvin Gaye,If I Could Build My Whole World Around You,1967,10,11
Marvin Gaye,Pride And Joy,1963,10,14
Marvin Gaye,You're A Special Part Of Me,1973,12,12
Marvin Gaye,It Takes Two,1967,14,12
Marvin Gaye,I Want You,1976,15,13
Marvin Gaye,Try It Baby,1964,15,11
Marvin Gaye,You're A Wonderful One,1964,15,10
Marvin Gaye,What's The Matter With You Baby,1964,17,10
Marvin Gaye,Ain't No Mountain High Enough,1967,19,12
Marvin Gaye,My Mistake (Was To Love You),1974,19,16
Marvin Gaye,Once Upon A Time,1964,19,9
Marvin Gaye,Come Get To This,1973,21,13
Marvin Gaye,Can I Get A Witness,1963,22,16
Marvin Gaye,Keep On Lovin' Me Honey,1968,24,7
Marvin Gaye,Pretty Little Baby,1965,25,7
Marvin Gaye,Baby Don't You Do It,1964,27,9
Marvin Gaye,Distant Lover,1974,28,9
Marvin Gaye,One More Heartache,1966,29,8
Marvin Gaye,Good Lovin' Ain't Easy To Come By,1969,30,7
Marvin Gaye,Hitch Hike,1963,30,12
Marvin Gaye,Chained,1968,32,10
Marvin Gaye,Your Unchanging Love,1967,33,7
Marvin Gaye,You,1968,34,7
Marvin Gaye,The End Of Our Road,1970,40,7
Marvin Gaye,How Can I Forget/Gonna Give Her All The Love I've Got,1970,41,7
Marvin Gaye,Take This Heart Of Mine,1966,44,8
Marvin Gaye,Don't Knock My Love,1974,46,9
Marvin Gaye,Stubborn Kind Of Fellow,1962,46,9
Marvin Gaye,"Little Darling, I Need You",1966,47,7
Marvin Gaye,What You Gave Me,1969,49,8
Marvin Gaye,The Onion Song/California Soul,1970,50,7
Marvin Gaye,You Sure Love To Ball,1974,50,6
Marvin Gaye,You're The Man (Part 1),1972,50,5
Marvin Gaye,"Pops, We Love You (A Tribute To Father)",1979,59,8
Marvin Gaye,What Good Am I Without You,1964,61,6
Marvin Gaye,Gonna Give Her All The Love I've Got,1970,67,4
Marvin Gaye,If This World Were Mine,1968,68,6
Marvin Gaye,After The Dance,1976,74,5
Marvin Gaye,I'm Crazy 'Bout My Baby,1963,77,3
Katy Perry,California Gurls,2010,1,27
Katy Perry,Dark Horse,2013,1,57
Katy Perry,E.T.,2010,1,30
Katy Perry,Firework,2010,1,39
Katy Perry,I Kissed A Girl,2008,1,23
Katy Perry,Last Friday Night (T.G.I.F.),2010,1,24
Katy Perry,Part Of Me,2012,1,22
Katy Perry,Roar,2013,1,35
Katy Perry,Teenage Dream,2010,1,33
Katy Perry,Wide Awake,2012,2,26
Katy Perry,Hot N Cold,2008,3,39
Katy Perry,The One That Got Away,2011,3,24
Katy Perry,Chained To The Rhythm,2017,4,15
Katy Perry,Waking Up In Vegas,2009,9,23
Katy Perry,Rise,2016,11,9
Katy Perry,Unconditionally,2013,14,20
Katy Perry,Never Really Over,2019,15,13
Katy Perry,Birthday,2014,17,18
Katy Perry,Con Calma,2019,22,25
Katy Perry,This Is How We Do,2014,24,18
Katy Perry,Thinking Of You,2009,29,15
Katy Perry,Walking On Air,2013,34,1
Katy Perry,Daisies,2020,40,7
Katy Perry,Swish Swish,2017,46,10
Katy Perry,Cozy Little Christmas,2018,53,2
Katy Perry,Not Like The Movies,2010,53,1
Katy Perry,Circle The Drain,2010,58,1
Katy Perry,Bon Appetit,2017,59,6
Katy Perry,Woman's World,2024,63,1
Katy Perry,Small Talk,2019,81,1
Katy Perry,365,2019,86,1
Katy Perry,When I'm Gone,2022,90,4
Phil Collins,Against All Odds (Take A Look At Me Now),1984,1,24
Phil Collins,Another Day In Paradise,1989,1,18
Phil Collins,Groovy Kind Of Love,1988,1,25
Phil Collins,One More Night,1985,1,18
Phil Collins,Sussudio,1985,1,17
Phil Collins,Two Hearts,1988,1,18
Phil Collins,I Wish It Would Rain Down,1990,3,17
Phil Collins,Do You Remember?,1990,4,19
Phil Collins,Don't Lose My Number,1985,4,18
Phil Collins,Something Happened On The Way To Heaven,1990,4,22
Phil Collins,Take Me Home,1986,7,16
Phil Collins,You Can't Hurry Love,1982,10,21
Phil Collins,I Missed Again,1981,19,16
Phil Collins,In The Air Tonight,1981,19,17
Phil Collins,You'll Be In My Heart,1999,21,20
Phil Collins,Hang In Long Enough,1990,23,13
Phil Collins,Everyday,1994,24,20
Phil Collins,Both Sides Of The Story,1993,25,17
Phil Collins,I Don't Care Anymore,1983,39,11
Phil Collins,Hero,1993,44,20
Phil Collins,Dance Into The Light,1996,45,16
Phil Collins,Who Said I Would,1991,73,5
Phil Collins,Can't Stop Loving You,2003,76,20
Phil Collins,It's In Your Eyes,1997,77,14
Phil Collins,I Cannot Believe It's True,1983,79,4
Billy Joel,It's Still Rock And Roll To Me,1980,1,21
Billy Joel,Tell Her About It,1983,1,18
Billy Joel,We Didn't Start The Fire,1989,1,19
Billy Joel,Just The Way You Are,1977,3,27
Billy Joel,My Life,1978,3,19
Billy Joel,The River Of Dreams,1993,3,27
Billy Joel,Uptown Girl,1983,3,22
Billy Joel,I Go To Extremes,1990,6,16
Billy Joel,You May Be Right,1980,7,15
Billy Joel,You're Only Human (Second Wind),1985,9,16
Billy Joel,A Matter Of Trust,1986,10,18
Billy Joel,An Innocent Man,1983,10,18
Billy Joel,"Modern Woman (From ""Ruthless People"")",1986,10,15
Billy Joel,Big Shot,1979,14,11
Billy Joel,The Longest Time,1984,14,18
Billy Joel,Allentown,1982,17,22
Billy Joel,Movin' Out (Anthony's Song),1978,17,14
Billy Joel,Say Goodbye To Hollywood,1981,17,15
Billy Joel,She's Always A Woman,1978,17,15
Billy Joel,Keeping The Faith,1985,18,16
Billy Joel,This Is The Time,1986,18,17
Billy Joel,Don't Ask Me Why,1980,19,15
Billy Joel,Pressure,1982,20,17
Billy Joel,She's Got A Way,1981,23,14
Billy Joel,Honesty,1979,24,11
Billy Joel,Only The Good Die Young,1978,24,13
Billy Joel,Piano Man,1974,25,14
Billy Joel,Leave A Tender Moment Alone,1984,27,15
Billy Joel,All About Soul,1993,29,20
Billy Joel,The Entertainer,1974,34,10
Billy Joel,The Night Is Still Young,1985,34,10
Billy Joel,Sometimes A Fantasy,1980,36,9
Billy Joel,And So It Goes,1990,37,12
Billy Joel,To Make You Feel My Love,1997,50,9
Billy Joel,Goodnight Saigon,1983,56,7
Billy Joel,"The Downeaster ""Alexa""",1990,57,8
Billy Joel,Turn The Lights Back On,2024,62,1
Billy Joel,Baby Grand,1987,75,7
Billy Joel,"Lullabye (Goodnight, My Angel)",1994,77,8
Billy Joel,That's Not Her Style,1990,77,6
Billy Joel,Travelin' Prayer,1974,77,4
Billy Joel,Worse Comes To Worst,1974,80,4
Billy Joel,"All Shook Up (From ""Honeymoon In Vegas"")",1992,92,3
Bruno Mars,Die With A Smile,2024,1,60
Bruno Mars,Grenade,2010,1,36
Bruno Mars,I Just Might,2026,1,30
Bruno Mars,Just The Way You Are,2010,1,48
Bruno Mars,Locked Out Of Heaven,2012,1,36
Bruno Mars,That's What I Like,2016,1,52
Bruno Mars,When I Was Your Man,2012,1,35
Bruno Mars,APT.,2024,3,45
Bruno Mars,Finesse,2018,3,23
Bruno Mars,It Will Rain,2011,3,29
Bruno Mars,Please Me,2019,3,20
Bruno Mars,24K Magic,2016,4,41
Bruno Mars,Risk It All,2026,4,23
Bruno Mars,The Lazy Song,2010,4,27
Bruno Mars,Treasure,2013,5,23
Bruno Mars,Wake Up In The Sky,2018,11,26
Bruno Mars,Fat Juicy & Wet,2025,17,7
Bruno Mars,Gorilla,2013,22,16
Bruno Mars,Cha Cha Cha,2026,25,2
Bruno Mars,God Was Showing Off,2026,28,2
Bruno Mars,Young Girls,2014,32,14
Bruno Mars,Versace On The Floor,2016,33,14
Bruno Mars,Why You Wanna Fight?,2026,38,2
Bruno Mars,Dance With Me,2026,42,2
Bruno Mars,On My Soul,2026,43,2
Bruno Mars,Something Serious,2026,46,2
Bruno Mars,Runaway Baby,2012,50,1
Bruno Mars,Nothing Left,2026,54,1
Bruno Mars,Marry You,2010,85,9
Diana Ross,Ain't No Mountain High Enough,1970,1,14
Diana Ross,Endless Love,1981,1,27
Diana Ross,Love Child,1968,1,16
Diana Ross,Love Hangover,1976,1,18
Diana Ross,Someday We'll Be Together,1969,1,16
Diana Ross,Theme From Mahogany (Do You Know Where You're Going To),1975,1,17
Diana Ross,Touch Me In The Morning,1973,1,21
Diana Ross,Upside Down,1980,1,29
Diana Ross,I'm Gonna Make You Love Me,1968,2,13
Diana Ross,Reflections,1967,2,11
Diana Ross,I'm Coming Out,1980,5,23
Diana Ross,Why Do Fools Fall In Love,1981,7,20
Diana Ross,"Mirror, Mirror",1982,8,14
Diana Ross,In And Out Of Love,1967,9,8
Diana Ross,It's My Turn,1980,9,21
Diana Ross,I'm Livin' In Shame,1969,10,8
Diana Ross,Missing You,1984,10,27
Diana Ross,Muscles,1982,10,17
Diana Ross,You're A Special Part Of Me,1973,12,12
Diana Ross,Last Time I Saw Him,1974,14,14
Diana Ross,Remember Me,1970,16,10
Diana Ross,All Of You,1984,19,16
Diana Ross,My Mistake (Was To Love You),1974,19,16
Diana Ross,Swept Away,1984,19,14
Diana Ross,The Boss,1979,19,16
Diana Ross,Reach Out And Touch (Somebody's Hand),1970,20,9
Diana Ross,One Love In My Lifetime,1976,25,12
Diana Ross,Gettin' Ready For Love,1977,27,13
Diana Ross,The Composer,1969,27,6
Diana Ross,Forever Came Today,1968,28,9
Diana Ross,Reach Out I'll Be There,1971,29,7
Diana Ross,Some Things You Never Get Used To,1968,30,7
Diana Ross,No Matter What Sign You Are,1969,31,6
Diana Ross,Pieces Of Ice,1983,31,10
Diana Ross,Good Morning Heartache,1973,34,13
Diana Ross,Surrender,1971,38,8
Diana Ross,So Close,1983,40,10
Diana Ross,Ease On Down The Road,1978,41,9
Diana Ross,Work That Body,1982,44,7
Diana Ross,Don't Knock My Love,1974,46,9
Diana Ross,I Thought It Took A Little Time (But Today I Fell In Love),1976,47,7
Diana Ross,You Got It,1978,49,7
Diana Ross,Your Love Is So Good For Me,1978,49,7
Diana Ross,"Pops, We Love You (A Tribute To Father)",1979,59,8
Diana Ross,I'm Still Waiting,1971,63,5
Diana Ross,Chain Reaction,1985,66,11
Diana Ross,The Young Folks,1969,69,5
Diana Ross,Sleepin',1974,70,5
Diana Ross,Eaten Alive,1985,77,7
Diana Ross,Let's Go Up,1983,77,6
Diana Ross,One More Chance,1981,79,5
The 4 Seasons,Big Girls Don't Cry,1962,1,16
The 4 Seasons,"December, 1963 (Oh, What a Night)",1975,1,27
The 4 Seasons,Rag Doll,1964,1,12
The 4 Seasons,Sherry,1962,1,14
The 4 Seasons,Walk Like A Man,1963,1,13
The 4 Seasons,Candy Girl,1963,3,13
The 4 Seasons,Dawn (Go Away),1964,3,13
The 4 Seasons,Let's Hang On!,1965,3,16
The 4 Seasons,Who Loves You,1975,3,20
The 4 Seasons,Ronnie,1964,6,10
The 4 Seasons,C'mon Marianne,1967,9,10
The 4 Seasons,I've Got You Under My Skin,1966,9,10
The 4 Seasons,Working My Way Back To You,1966,9,9
The 4 Seasons,Save It For Me,1964,10,8
The 4 Seasons,Tell It To The Rain,1966,10,10
The 4 Seasons,"Bye, Bye, Baby (Baby, Goodbye)",1965,12,9
The 4 Seasons,Opus 17 (Don't You Worry 'Bout Me),1966,13,8
The 4 Seasons,"December 1963 (Oh, What A Night)",1994,14,27
The 4 Seasons,Beggin',1967,16,9
The 4 Seasons,Stay,1964,16,11
The 4 Seasons,Big Man In Town,1964,20,7
The 4 Seasons,Ain't That A Shame!,1963,22,9
The 4 Seasons,Santa Claus Is Coming To Town,1962,23,3
The 4 Seasons,Will You Love Me Tomorrow,1968,24,8
The 4 Seasons,Alone,1964,28,9
The 4 Seasons,Girl Come Running,1965,30,7
The 4 Seasons,Watch The Flowers Grow,1967,30,7
The 4 Seasons,Marlena,1963,36,8
The 4 Seasons,New Mexican Rose,1963,36,7
The 4 Seasons,Silver Star,1976,38,8
The 4 Seasons,And That Reminds Me (My Heart Reminds Me),1969,45,7
The 4 Seasons,Little Boy (In Grown Up Clothes),1965,60,6
The 4 Seasons,Electric Stories,1968,61,6
The 4 Seasons,Toy Soldier,1965,64,5
The 4 Seasons,Down The Hall,1977,65,6
The 4 Seasons,Sincerely,1964,75,4
The 4 Seasons,Soon (I'll Be Home Again),1963,77,7
The 4 Seasons,That's The Only Way,1963,88,3
The 4 Seasons,Spend The Night In Love,1980,91,5
The 4 Seasons,Patch Of Blue,1970,94,2
The 4 Seasons,Idaho,1969,95,2
The 4 Seasons,Something's On Her Mind,1969,98,1
The Temptations,I Can't Get Next To You,1969,1,17
The Temptations,Just My Imagination (Running Away With Me),1971,1,15
The Temptations,My Girl,1965,1,13
The Temptations,Papa Was A Rollin' Stone,1972,1,16
The Temptations,I'm Gonna Make You Love Me,1968,2,13
The Temptations,Ball Of Confusion (That's What The World Is Today),1970,3,15
The Temptations,Beauty Is Only Skin Deep,1966,3,12
The Temptations,I Wish It Would Rain,1968,4,14
The Temptations,Cloud Nine,1968,6,12
The Temptations,"Run Away Child, Running Wild",1969,6,12
The Temptations,You're My Everything,1967,6,12
The Temptations,Masterpiece,1973,7,14
The Temptations,Psychedelic Shack,1970,7,11
The Temptations,(I Know) I'm Losing You,1966,8,10
The Temptations,All I Need,1967,8,10
The Temptations,The Way You Do The Things You Do,1964,11,11
The Temptations,Ain't Too Proud To Beg,1966,13,13
The Temptations,I Could Never Love Another (After Loving You),1968,13,10
The Temptations,My Baby,1965,13,8
The Temptations,(Loneliness Made Me Realize) It's You That I Need,1967,14,9
The Temptations,Since I Lost My Baby,1965,17,10
The Temptations,It's Growing,1965,18,9
The Temptations,Superstar (Remember How You Got Where You Are),1971,18,10
The Temptations,Don't Let The Joneses Get You Down,1969,20,8
The Temptations,Girl (Why You Wanna Make Me Blue),1964,26,8
The Temptations,Please Return Your Love To Me,1968,26,7
The Temptations,Shakey Ground,1975,26,14
The Temptations,Let Your Hair Down,1973,27,9
The Temptations,Barbara,1960,29,10
The Temptations,Get Ready,1966,29,7
The Temptations,Take A Look Around,1972,30,8
The Temptations,I'll Be In Trouble,1964,33,9
The Temptations,Ungena Za Ulimwengu (Unite The World),1970,33,7
The Temptations,Hey Girl (i Like Your Style),1973,35,11
The Temptations,Glasshouse,1975,37,10
The Temptations,Happy People,1974,40,10
The Temptations,The Plastic Man,1973,40,8
The Temptations,Heavenly,1974,43,9
The Temptations,Power,1980,43,9
The Temptations,Lady Soul,1986,47,11
The Temptations,Treat Her Like A Lady,1984,48,14
The Temptations,It's Summer,1971,51,6
The Temptations,Keep Holding On,1976,54,6
The Temptations,Sail Away,1984,54,8
The Temptations,Standing On The Top-Part 1,1982,66,8
The Temptations,Aiming At Your Heart,1981,67,5
The Temptations,You've Got My Soul On Fire,1974,74,6
The Temptations,Don't Look Back,1965,83,5
The Temptations,Love On My Mind Tonight,1983,88,3
The Temptations,Mother Nature,1972,92,4
The Temptations,Up The Creek (without A Paddle),1976,94,3
Donna Summer,Bad Girls,1979,1,20
Donna Summer,Hot Stuff,1979,1,21
Donna Summer,MacArthur Park,1978,1,20
Donna Summer,No More Tears (Enough Is Enough),1979,1,15
Donna Summer,Dim All The Lights,1979,2,21
Donna Summer,Love To Love You Baby,1975,2,18
Donna Summer,Last Dance,1978,3,21
Donna Summer,She Works Hard For The Money,1983,3,21
Donna Summer,The Wanderer,1980,3,20
Donna Summer,Heaven Knows,1979,4,19
Donna Summer,On The Radio,1980,5,17
Donna Summer,I Feel Love,1977,6,23
Donna Summer,This Time I Know It's For Real,1989,7,17
Donna Summer,Love Is In Control (Finger On The Trigger),1982,10,18
Donna Summer,There Goes My Baby,1984,21,14
Donna Summer,Cold Love,1980,33,12
Donna Summer,The Woman In Me,1982,33,16
Donna Summer,Walk Away,1980,36,11
Donna Summer,I Love You,1977,37,11
Donna Summer,Who Do You Think You're Foolin',1981,40,11
Donna Summer,State Of Independence,1982,41,10
Donna Summer,Spring Affair/Winter Melody,1976,43,14
Donna Summer,Unconditional Love,1983,43,8
Donna Summer,Dinner With Gershwin,1987,48,11
Donna Summer,Could It Be Magic,1976,52,5
Donna Summer,Rumour Has It,1978,53,9
Donna Summer,Love Has A Mind Of Its Own,1984,70,4
Donna Summer,Supernatural Love,1984,75,5
Donna Summer,When Love Cries,1991,77,5
Donna Summer,I Will Go With You (Con Te Partiro),1999,79,9
Donna Summer,"Try Me, I Know We Can Make It",1976,80,4
Donna Summer,Love's About to Change My Heart,1989,85,3
The Beach Boys,Good Vibrations,1966,1,14
The Beach Boys,"Help Me, Rhonda",1965,1,14
The Beach Boys,I Get Around,1964,1,15
The Beach Boys,"Kokomo (From""Cocktail"" )",1988,1,28
The Beach Boys,Barbara Ann,1966,2,11
The Beach Boys,California Girls,1965,3,11
The Beach Boys,Sloop John B,1966,3,11
The Beach Boys,Surfin' U.S.A.,1963,3,25
The Beach Boys,"Fun, Fun, Fun",1964,5,11
The Beach Boys,Rock And Roll Music,1976,5,17
The Beach Boys,Be True To Your School,1963,6,12
The Beach Boys,Surfer Girl,1963,7,14
The Beach Boys,"Dance, Dance, Dance",1964,8,11
The Beach Boys,Wouldn't It Be Nice,1966,8,11
The Beach Boys,When I Grow Up (To Be A Man),1964,9,10
The Beach Boys,Do You Wanna Dance?,1965,12,8
The Beach Boys,Heroes And Villains,1967,12,7
The Beach Boys,The Beach Boys Medley,1981,12,18
The Beach Boys,Wipeout,1987,12,19
The Beach Boys,Surfin' Safari,1962,14,17
The Beach Boys,Little Deuce Coupe,1963,15,11
The Beach Boys,Come Go With Me,1981,18,15
The Beach Boys,Darlin',1967,19,9
The Beach Boys,Do It Again,1968,20,10
The Beach Boys,The Little Girl I Once Knew,1965,20,8
The Beach Boys,In My Room,1963,23,11
The Beach Boys,Shut Down,1963,23,13
The Beach Boys,Don't Worry Baby,1964,24,10
The Beach Boys,I Can Hear Music,1969,24,10
The Beach Boys,Little Saint Nick,2021,25,15
The Beach Boys,Getcha Back,1985,26,12
The Beach Boys,It's O.k.,1976,29,10
The Beach Boys,Wild Honey,1967,31,6
The Beach Boys,God Only Knows,1966,39,8
The Beach Boys,Good Timin',1979,40,10
The Beach Boys,Here Comes The Night,1979,44,8
The Beach Boys,Wendy,1964,44,6
The Beach Boys,Friends,1968,47,7
The Beach Boys,Sail On Sailor,1973,49,17
The Beach Boys,Ten Little Indians,1962,49,8
The Beach Boys,Please Let Me Wonder,1965,52,5
The Beach Boys,California Dreamin',1986,57,10
The Beach Boys,Peggy Sue,1978,59,6
The Beach Boys,Bluebirds Over The Mountain,1968,61,6
The Beach Boys,Break Away,1969,63,6
The Beach Boys,Add Some Music To Your Day,1970,64,5
The Beach Boys,Little Honda,1964,65,5
The Beach Boys,Rock'N'roll To The Rescue,1986,68,6
The Beach Boys,Surfin,1962,75,6
The Beach Boys,409,1962,76,1
The Beach Boys,It's Getting Late,1985,82,5
The Beach Boys,Goin' On,1980,83,3
The Beach Boys,California Saga (On My Way To Sunny Californ-i-a),1973,84,4
The Beach Boys,Long Promised Road,1971,89,5
The Beach Boys,Still Cruisin',1989,93,3
Lionel Richie,All Night Long (All Night),1983,1,24
Lionel Richie,Endless Love,1981,1,27
Lionel Richie,Hello,1984,1,24
Lionel Richie,"Say You, Say Me",1985,1,20
Lionel Richie,Truly,1982,1,18
Lionel Richie,Dancing On The Ceiling,1986,2,17
Lionel Richie,Stuck On You,1984,3,19
Lionel Richie,You Are,1983,4,18
Lionel Richie,My Love,1983,5,16
Lionel Richie,Ballerina Girl,1986,7,18
Lionel Richie,Running With The Night,1983,7,19
Lionel Richie,Penny Lover,1984,8,18
Lionel Richie,Love Will Conquer All,1986,9,18
Lionel Richie,Se La,1987,20,13
Lionel Richie,Do It To Me,1992,21,20
Lionel Richie,Don't Wanna Lose You,1996,39,15
Lionel Richie,I Call It Love,2006,62,20
Lionel Richie,Angel,2001,70,18
Lionel Richie,Deep River Woman,1987,71,8
Lionel Richie,Just For You,2004,92,17
Neil Diamond,Cracklin' Rosie,1970,1,15
Neil Diamond,Song Sung Blue,1972,1,13
Neil Diamond,You Don't Bring Me Flowers,1978,1,17
Neil Diamond,Love On The Rocks,1980,2,20
Neil Diamond,I Am...I Said/Done Too Soon,1971,4,14
Neil Diamond,Sweet Caroline (Good Times Never Seemed So Good),1969,4,14
Neil Diamond,Heartlight,1982,5,19
Neil Diamond,Longfellow Serenade,1974,5,15
Neil Diamond,"Cherry, Cherry",1966,6,12
Neil Diamond,Hello Again,1981,6,16
Neil Diamond,Holly Holy,1969,6,14
Neil Diamond,America,1981,8,17
Neil Diamond,"Girl, You'll Be A Woman Soon",1967,10,11
Neil Diamond,If You Know What I Mean,1976,11,12
Neil Diamond,Play Me,1972,11,11
Neil Diamond,Yesterday's Songs,1981,11,15
Neil Diamond,Thank The Lord For The Night Time,1967,13,11
Neil Diamond,Stones/Crunchy Granola Suite,1971,14,9
Neil Diamond,Desiree,1977,16,14
Neil Diamond,I Got The Feelin' (Oh No No),1966,16,8
Neil Diamond,September Morn',1979,17,16
Neil Diamond,Walk On Water,1972,17,12
Neil Diamond,You Got To Me,1967,18,8
Neil Diamond,Forever In Blue Jeans,1979,20,11
Neil Diamond,He Ain't Heavy...He's My Brother,1970,20,11
Neil Diamond,Solitary Man,1966,21,24
Neil Diamond,Brother Love's Travelling Salvation Show,1969,22,13
Neil Diamond,Kentucky Woman,1967,22,8
Neil Diamond,Shilo,1970,24,14
Neil Diamond,On The Way To The Sky,1982,27,10
Neil Diamond,Soolaimón (African Trilogy II),1970,30,7
Neil Diamond,"""Cherry Cherry"" from Hot August Night",1973,31,10
Neil Diamond,Be,1973,34,9
Neil Diamond,I've Been This Way Before,1975,34,7
Neil Diamond,Be Mine Tonight,1982,35,11
Neil Diamond,I'm Alive,1983,35,12
Neil Diamond,Do It,1970,36,10
Neil Diamond,Don't Think....Feel,1976,43,8
Neil Diamond,I'm A Believer,1971,51,8
Neil Diamond,New Orleans,1968,51,6
Neil Diamond,Headed For The Future,1986,53,10
Neil Diamond,Until It's Time For You To Go,1970,53,6
Neil Diamond,Say Maybe,1979,55,7
Neil Diamond,The Last Thing On My Mind,1973,56,6
Neil Diamond,Brooklyn Roads,1968,58,6
Neil Diamond,Red Red Wine,1968,62,3
Neil Diamond,Turn Around,1984,62,8
Neil Diamond,Front Page Story,1983,65,8
Neil Diamond,Two-Bit Manchild,1968,66,6
Neil Diamond,The Good Lord Loves You,1980,67,6
Neil Diamond,Sunday Sun,1968,68,5
Neil Diamond,Skybird,1974,75,4
Neil Diamond,The Long Way Home,1973,91,3
Carpenters,(They Long To Be) Close To You,1970,1,17
Carpenters,Please Mr. Postman,1974,1,17
Carpenters,Top Of The World,1973,1,20
Carpenters,Hurting Each Other,1972,2,12
Carpenters,Rainy Days And Mondays,1971,2,12
Carpenters,Superstar/Bless The Beasts And Children,1971,2,21
Carpenters,We've Only Just Begun,1970,2,17
Carpenters,Yesterday Once More,1973,2,14
Carpenters,For All We Know,1971,3,13
Carpenters,Sing,1973,3,14
Carpenters,Only Yesterday,1975,4,13
Carpenters,Goodbye To Love,1972,7,10
Carpenters,I Won't Last A Day Without You,1974,11,12
Carpenters,It's Going To Take Some Time,1972,12,10
Carpenters,There's A Kind Of Hush (All Over The World),1976,12,13
Carpenters,Touch Me When We're Dancing,1981,16,14
Carpenters,Solitaire,1975,17,10
Carpenters,I Need To Be In Love,1976,25,11
Carpenters,Calling Occupants Of Interplanetary Craft,1977,32,14
Carpenters,All You Get From Love Is A Love Song,1977,35,10
Carpenters,"Sweet, Sweet Smile",1978,44,13
Carpenters,Ticket To Ride,1970,54,12
Carpenters,Goofus,1976,56,5
Carpenters,Those Good Old Dreams,1981,63,6
Carpenters,I Believe You,1978,68,5
Carpenters,(Want You) Back In My Life Again,1981,72,8
Carpenters,Beechwood 4-5789,1982,74,4
Justin Bieber,Love Yourself,2015,1,41
Justin Bieber,Peaches,2021,1,30
Justin Bieber,Sorry,2015,1,42
Justin Bieber,Stay,2021,1,63
Justin Bieber,Stuck With U,2020,1,18
Justin Bieber,What Do You Mean?,2015,1,31
Justin Bieber,Boyfriend,2012,2,20
Justin Bieber,Daisies,2025,2,34
Justin Bieber,I Don't Care,2019,2,39
Justin Bieber,Yummy,2020,2,15
Justin Bieber,Holy,2020,3,25
Justin Bieber,"10,000 Hours",2019,4,30
Justin Bieber,Baby,2010,5,22
Justin Bieber,Beauty And A Beat,2012,5,26
Justin Bieber,Ghost,2021,5,52
Justin Bieber,Intentions,2020,5,31
Justin Bieber,Anyone,2021,6,17
Justin Bieber,As Long As You Love Me,2012,6,29
Justin Bieber,Monster,2020,8,14
Justin Bieber,Never Say Never,2010,8,19
Justin Bieber,Mistletoe,2011,11,18
Justin Bieber,Lonely,2020,12,20
Justin Bieber,Yukon,2025,12,43
Justin Bieber,Heartbreaker,2013,13,2
Justin Bieber,Eenie Meenie,2010,15,18
Justin Bieber,Somebody To Love,2010,15,18
Justin Bieber,One Less Lonely Girl,2009,16,16
Justin Bieber,Die In Your Arms,2012,17,2
Justin Bieber,One Time,2009,17,25
Justin Bieber,Go Baby,2025,18,3
Justin Bieber,I'll Show You,2015,19,12
Justin Bieber,Friends,2017,20,10
Justin Bieber,Hold On,2021,20,13
Justin Bieber,All I Can Take,2025,21,1
Justin Bieber,Never Let You Go,2010,21,2
Justin Bieber,All Around The World,2012,22,9
Justin Bieber,All That Matters,2013,24,8
Justin Bieber,Forever,2020,24,2
Justin Bieber,Favorite Girl,2009,26,2
Justin Bieber,U Smile,2010,27,4
Justin Bieber,Hold Tight,2013,29,1
Justin Bieber,The Feeling,2015,31,7
Justin Bieber,Way It Is,2025,33,1
Justin Bieber,Things You Do,2025,35,1
Justin Bieber,Love Me,2009,37,4
Justin Bieber,Walking Away,2025,37,2
Justin Bieber,Confident,2013,41,4
Justin Bieber,Recovery,2013,41,1
Justin Bieber,Mark My Words,2015,42,4
Justin Bieber,As I Am,2021,43,3
Justin Bieber,Purpose,2015,43,7
Justin Bieber,Honest,2022,44,2
Justin Bieber,Roller Coaster,2013,47,1
Justin Bieber,Butterflies,2025,49,1
Justin Bieber,No Pressure,2015,49,4
Justin Bieber,Wandered To LA.,2021,49,5
Justin Bieber,All Bad,2013,50,1
Justin Bieber,Bad Day,2013,53,1
Justin Bieber,Company,2015,53,12
Justin Bieber,No Sense,2015,54,3
Justin Bieber,PYD,2013,54,1
Justin Bieber,Devotion,2025,56,1
Justin Bieber,Sweet Spot,2025,57,1
Justin Bieber,Christmas Song (Chestnuts Roasting On An Open Fire),2011,58,1
Justin Bieber,Change Me,2013,59,1
Justin Bieber,First Place,2025,59,1
Justin Bieber,Nothing Like Us,2013,59,2
Justin Bieber,Turn To You (Mother's Day Dedication),2012,60,1
Justin Bieber,Pray,2011,61,4
Justin Bieber,Rockin' Around The Christmas Tree,2020,61,4
Justin Bieber,Unstable,2021,62,1
Justin Bieber,Off My Face,2021,64,1
Justin Bieber,Speed Demon,2025,66,9
Justin Bieber,Life Is Worth Living,2015,67,2
Justin Bieber,2 Much,2021,68,1
Justin Bieber,Wait For A Minute,2013,68,1
Justin Bieber,Don't Go,2021,69,1
Justin Bieber,Swag,2025,70,1
Justin Bieber,Born To Be Somebody,2011,74,1
Justin Bieber,Children,2015,74,1
Justin Bieber,Deserve You,2021,76,1
Justin Bieber,Down To Earth,2009,79,1
Justin Bieber,Too Long,2025,79,1
Justin Bieber,Been You,2015,81,1
Justin Bieber,Die For You,2021,81,1
Justin Bieber,Glory Voice Memo,2025,83,1
Justin Bieber,Dadz Love,2025,84,1
Justin Bieber,Love You Different,2021,84,1
Justin Bieber,405,2025,86,1
Justin Bieber,All I Want For Christmas Is You (SuperFestive!),2011,86,1
Justin Bieber,Come Around Me,2020,86,1
Justin Bieber,Drummer Boy,2011,86,2
Justin Bieber,Loved By You,2021,87,1
Justin Bieber,Love Song,2025,88,1
Justin Bieber,We Are,2015,88,1
Justin Bieber,Get Used To It,2015,90,1
Justin Bieber,Somebody,2021,91,1
Justin Bieber,That Should Be Me,2010,92,1
Justin Bieber,Get Me,2020,93,1
Justin Bieber,Bigger,2009,94,1
Justin Bieber,Right Here,2012,95,1
Justin Bieber,As Long As You Love Me (Acoustic),2013,98,1
Justin Bieber,Habitual,2020,98,1
Justin Bieber,Trust,2015,98,1
Justin Bieber,First Dance,2009,99,1
Justin Bieber,All Around Me,2020,100,1
Jackson 5/The Jacksons,ABC,1970,1,13
Jackson 5/The Jacksons,I Want You Back,1969,1,19
Jackson 5/The Jacksons,I'll Be There,1970,1,16
Jackson 5/The Jacksons,The Love You Save/I Found That Girl,1970,1,13
Jackson 5/The Jacksons,Dancing Machine,1974,2,22
Jackson 5/The Jacksons,Mama's Pearl,1971,2,10
Jackson 5/The Jacksons,Never Can Say Goodbye,1971,2,12
Jackson 5/The Jacksons,State of Shock,1984,3,15
Jackson 5/The Jacksons,Enjoy Yourself,1976,6,21
Jackson 5/The Jacksons,Shake Your Body (Down To The Ground),1979,7,22
Jackson 5/The Jacksons,Sugar Daddy,1971,10,10
Jackson 5/The Jacksons,Lovely One,1980,12,18
Jackson 5/The Jacksons,Little Bitty Pretty One,1972,13,9
Jackson 5/The Jacksons,I Am Love (Parts I & II),1975,15,14
Jackson 5/The Jacksons,Lookin' Through The Windows,1972,16,10
Jackson 5/The Jacksons,Torture,1984,17,12
Jackson 5/The Jacksons,Corner Of The Sky,1972,18,12
Jackson 5/The Jacksons,Maybe Tomorrow,1971,20,9
Jackson 5/The Jacksons,Heartbreak Hotel,1980,22,16
Jackson 5/The Jacksons,Get It Together,1973,28,13
Jackson 5/The Jacksons,Hallelujah Day,1973,28,10
Jackson 5/The Jacksons,Show You The Way To Go,1977,28,10
Jackson 5/The Jacksons,Santa Claus Is Comin' To Town,2021,30,15
Jackson 5/The Jacksons,"Whatever You Got, I Want",1974,38,11
Jackson 5/The Jacksons,I Saw Mommy Kissing Santa Claus,2024,43,2
Jackson 5/The Jacksons,Body,1984,47,7
Jackson 5/The Jacksons,Goin' Places,1977,52,7
Jackson 5/The Jacksons,Blame It On The Boogie,1978,54,6
Jackson 5/The Jacksons,Forever Came Today,1975,60,9
Jackson 5/The Jacksons,Walk Right Now,1981,73,4
Jackson 5/The Jacksons,Can You Feel It,1981,77,5
Jackson 5/The Jacksons,Nothin (That Compares 2 U),1989,77,7
Boyz II Men,4 Seasons Of Loneliness,1997,1,20
Boyz II Men,"End Of The Road (From ""Boomerang"")",1992,1,32
Boyz II Men,I'll Make Love To You,1994,1,33
Boyz II Men,On Bended Knee,1994,1,27
Boyz II Men,One Sweet Day,1995,1,27
Boyz II Men,It's So Hard To Say Goodbye To Yesterday,1991,2,22
Boyz II Men,Water Runs Dry,1995,2,28
Boyz II Men,"In The Still Of The Nite (From ""The Jacksons"")",1992,3,20
Boyz II Men,Motownphilly,1991,3,24
Boyz II Men,A Song For Mama,1997,7,20
Boyz II Men,Uhh Ahh,1991,16,20
Boyz II Men,Thank You,1995,21,20
Boyz II Men,I Will Get There,1999,32,9
Boyz II Men,Let It Snow,1993,32,7
Boyz II Men,I Remember,1995,46,11
Boyz II Men,Please Don't Go,1992,49,20
Boyz II Men,Vibin',1995,56,14
Boyz II Men,Thank You In Advance,2000,80,4
Connie Francis,Don't Break The Heart That Loves You,1962,1,13
Connie Francis,Everybody's Somebody's Fool,1960,1,18
Connie Francis,My Heart Has A Mind Of Its Own,1960,1,17
Connie Francis,My Happiness,1958,2,18
Connie Francis,Where The Boys Are,1961,4,15
Connie Francis,Lipstick On Your Collar,1959,5,17
Connie Francis,Together,1961,6,11
Connie Francis,Among My Souvenirs,1959,7,15
Connie Francis,Breakin' In A Brand New Broken Heart,1961,7,10
Connie Francis,Many Tears Ago,1960,7,13
Connie Francis,Second Hand Love,1962,7,9
Connie Francis,Mama,1960,8,13
Connie Francis,Frankie,1959,9,15
Connie Francis,Vacation,1962,9,9
Connie Francis,When The Boy In Your Arms (Is The Boy In Your Heart),1961,10,12
Connie Francis,(He's My) Dreamboat,1961,14,9
Connie Francis,Follow The Boys,1963,17,10
Connie Francis,Stupid Cupid,1958,17,13
Connie Francis,Teddy,1960,17,11
Connie Francis,I'm Gonna' Be Warm This Winter,1962,18,11
Connie Francis,Jealous Of You (Tango Della Gelosia),1960,19,11
Connie Francis,If I Didn't Care,1959,22,11
Connie Francis,If My Pillow Could Talk,1963,23,9
Connie Francis,Blue Winter,1964,24,9
Connie Francis,I Was Such A Fool (To Fall In Love With You),1962,24,9
Connie Francis,Be Anything (But Be Mine),1964,25,8
Connie Francis,Baby's First Christmas,1961,26,5
Connie Francis,Your Other Love,1963,28,7
Connie Francis,Fallin',1958,30,10
Connie Francis,No One,1961,34,8
Connie Francis,You're Gonna Miss Me,1959,34,10
Connie Francis,Drownin' My Sorrows,1963,36,7
Connie Francis,God Bless America,1959,36,11
Connie Francis,Don't Ever Leave Me,1964,42,7
Connie Francis,Hollywood,1961,42,7
Connie Francis,Malagueña,1960,42,9
Connie Francis,Whose Heart Are You Breaking Tonight,1965,43,7
Connie Francis,Looking For Love,1964,45,7
Connie Francis,In The Summer Of His Years,1963,46,6
Connie Francis,Jealous Heart,1965,47,8
Connie Francis,For Mama (La Mamma),1965,48,6
Connie Francis,He Thinks I Still Care,1962,57,8
Connie Francis,Wishing It Was You,1965,57,7
Connie Francis,"Love Is Me, Love Is You",1966,66,6
Connie Francis,Plenty Good Lovin',1959,69,7
Connie Francis,Too Many Rules,1961,72,2
Connie Francis,Forget Domani,1965,79,7
Connie Francis,Roundabout,1965,80,4
Connie Francis,Senza Mamma (With No One),1960,87,1
Connie Francis,Al Di La,1963,90,5
Connie Francis,The Wedding Cake,1969,91,4
Connie Francis,Time Alone Will Tell,1967,94,1
Connie Francis,Spanish Nights And You,1966,99,2
Brenda Lee,I Want To Be Wanted,1960,1,15
Brenda Lee,I'm Sorry,1960,1,23
Brenda Lee,Rockin' Around The Christmas Tree,1960,1,71
Brenda Lee,All Alone Am I,1962,3,15
Brenda Lee,Fool #1,1961,3,14
Brenda Lee,Break It To Me Gently,1962,4,13
Brenda Lee,Dum Dum,1961,4,12
Brenda Lee,Sweet Nothin's,1959,4,24
Brenda Lee,Everybody Loves Me But You,1962,6,11
Brenda Lee,Losing You,1963,6,13
Brenda Lee,That's All You Gotta Do,1960,6,14
Brenda Lee,You Can Depend On Me,1961,6,12
Brenda Lee,Emotions,1961,7,12
Brenda Lee,Coming On Strong,1966,11,13
Brenda Lee,As Usual,1963,12,11
Brenda Lee,Too Many Rivers,1965,13,13
Brenda Lee,Heart In Hand,1962,15,10
Brenda Lee,Is It True,1964,17,9
Brenda Lee,The Grass Is Greener,1963,17,8
Brenda Lee,My Whole World Is Falling Down,1963,24,9
Brenda Lee,I Wonder,1963,25,8
Brenda Lee,Think,1964,25,9
Brenda Lee,It Started All Over Again,1962,29,8
Brenda Lee,Anybody But Me,1961,31,9
Brenda Lee,Your Used To Be,1963,32,7
Brenda Lee,I'm Learning About Love,1961,33,4
Brenda Lee,Rusty Bells,1965,33,9
Brenda Lee,"Ride, Ride, Ride",1967,37,7
Brenda Lee,Just A Little,1960,40,5
Brenda Lee,Johnny One Time,1969,41,11
Brenda Lee,Thanks A Lot,1965,45,7
Brenda Lee,She'll Never Know,1963,47,6
Brenda Lee,When You Loved Me,1964,47,7
Brenda Lee,Alone With You,1964,48,6
Brenda Lee,So Deep,1962,52,4
Brenda Lee,Save All Your Lovin' For Me,1962,53,6
Brenda Lee,"Truly, Truly, True",1965,54,6
Brenda Lee,Eventually,1961,56,3
Brenda Lee,Nobody Wins,1973,70,5
Brenda Lee,Sweet Impossible You,1963,70,5
Brenda Lee,He's So Heavenly,1963,73,3
Brenda Lee,Ain't Gonna Cry No More,1966,77,4
Brenda Lee,You Don't Need Me For Anything Anymore,1969,84,3
Brenda Lee,My Dreams,1964,85,3
Brenda Lee,The Crying Game,1965,87,4
Brenda Lee,Here Comes That Feelin',1962,89,3
Brenda Lee,I Think I Love You Again,1970,97,2
Brenda Lee,No One,1965,98,1
The Weeknd,Blinding Lights,2019,1,90
The Weeknd,Can't Feel My Face,2015,1,41
The Weeknd,Die For You,2016,1,52
The Weeknd,Heartless,2019,1,23
The Weeknd,Save Your Tears,2020,1,69
The Weeknd,Starboy,2016,1,30
The Weeknd,The Hills,2015,1,48
The Weeknd,Creepin',2022,3,47
The Weeknd,Earned It (Fifty Shades Of Grey),2015,3,43
The Weeknd,Timeless,2024,3,41
The Weeknd,Call Out My Name,2018,4,18
The Weeknd,I Feel It Coming,2016,4,26
The Weeknd,Rather Lie,2025,4,23
The Weeknd,One Right Now,2021,6,27
The Weeknd,Take My Breath,2021,6,20
The Weeknd,K-POP,2023,7,8
The Weeknd,Love Me Harder,2014,7,22
The Weeknd,Pray For Me,2018,7,20
The Weeknd,Smile,2020,8,10
The Weeknd,Young Metro,2024,9,4
The Weeknd,Sacrifice,2022,11,10
The Weeknd,You Right,2021,11,43
The Weeknd,Cry For Me,2025,12,21
The Weeknd,Hawai,2020,12,21
The Weeknd,In The Night,2015,12,20
The Weeknd,Dancing In The Flames,2024,14,18
The Weeknd,In Your Eyes,2020,16,15
The Weeknd,Party Monster,2016,16,19
The Weeknd,Double Fantasy,2023,18,5
The Weeknd,After Hours,2020,20,7
The Weeknd,Alone Again,2020,21,1
The Weeknd,We Still Don't Trust You,2024,22,2
The Weeknd,Scared To Live,2020,24,1
The Weeknd,Hardest To Love,2020,25,1
The Weeknd,Try Me,2018,26,2
The Weeknd,Lost In The Fire,2019,27,6
The Weeknd,Moth To A Flame,2021,27,8
The Weeknd,Sidewalks,2016,27,4
The Weeknd,Wasted Times,2018,27,3
The Weeknd,Too Late,2020,28,1
The Weeknd,Gasoline,2022,29,2
The Weeknd,Is There Someone Else?,2022,31,2
The Weeknd,Reminder,2016,31,17
The Weeknd,Out Of Time,2022,32,3
The Weeknd,Snowchild,2020,32,1
The Weeknd,Six Feet Under,2016,34,4
The Weeknd,I Was Never There,2018,35,1
The Weeknd,Over Now,2020,38,5
The Weeknd,Escape From LA,2020,39,1
The Weeknd,How Do I Make You Love Me?,2022,39,1
The Weeknd,Hurt You,2018,43,1
The Weeknd,Popular,2023,43,19
The Weeknd,Sao Paulo,2024,43,3
The Weeknd,Rockin',2016,44,2
The Weeknd,Faith,2020,45,1
The Weeknd,Wake Me Up,2025,45,1
The Weeknd,All I Know,2016,46,2
The Weeknd,Baptized In Fear,2025,46,2
The Weeknd,Prisoner,2015,47,3
The Weeknd,Secrets,2016,47,2
The Weeknd,Open Hearts,2025,48,2
The Weeknd,True Colors,2016,48,2
The Weeknd,One Of The Girls,2023,51,20
The Weeknd,Here We Go... Again,2022,52,1
The Weeknd,Privilege,2018,52,1
The Weeknd,Less Than Zero,2022,53,2
The Weeknd,Reflections Laughing,2025,53,1
The Weeknd,Wicked Games,2012,53,20
The Weeknd,Tell Your Friends,2015,54,3
The Weeknd,False Alarm,2016,55,4
The Weeknd,Often,2014,59,20
The Weeknd,Acquainted,2015,60,18
The Weeknd,Best Friends,2022,60,1
The Weeknd,Enjoy The Show,2025,60,1
The Weeknd,Stargirl Interlude,2016,61,1
The Weeknd,I Heard You're Married,2022,62,1
The Weeknd,Real Life,2015,62,2
The Weeknd,Dawn FM,2022,65,1
The Weeknd,Niagara Falls,2025,65,1
The Weeknd,All To Myself,2024,67,1
The Weeknd,Attention,2016,67,2
The Weeknd,Nothing Without You,2016,68,1
The Weeknd,The Abyss,2025,68,1
The Weeknd,A Lonely Night,2016,69,1
The Weeknd,Repeat After Me (Interlude),2020,69,1
The Weeknd,Take Me Back To LA,2025,69,1
The Weeknd,Given Up On Me,2025,71,1
The Weeknd,Love To Lay,2016,71,1
The Weeknd,Ordinary Life,2016,72,2
The Weeknd,Opening Night,2025,74,1
The Weeknd,Shameless,2015,79,2
The Weeknd,Starry Eyes,2022,79,1
The Weeknd,Until I Bleed Out,2020,80,1
The Weeknd,I Can't Wait To Get There,2025,82,1
The Weeknd,Don't Break My Heart,2022,85,1
The Weeknd,Losers,2015,85,1
The Weeknd,Another One Of Me,2023,87,1
The Weeknd,Better Believe,2021,88,1
The Weeknd,Power Is Power,2019,90,2
The Weeknd,Dark Times,2015,91,3
The Weeknd,Every Angel Is Terrifying,2022,93,1
The Weeknd,Where You Belong,2015,95,1
Beyonce,Baby Boy,2003,1,29
Beyonce,Break My Soul,2022,1,18
Beyonce,Check On It,2005,1,28
Beyonce,Crazy In Love,2003,1,27
Beyonce,Irreplaceable,2006,1,30
Beyonce,Single Ladies (Put A Ring On It),2008,1,27
Beyonce,Texas Hold 'Em,2024,1,20
Beyonce,Drunk In Love,2014,2,20
Beyonce,Beautiful Liar,2007,3,18
Beyonce,If I Were A Boy,2008,3,20
Beyonce,Naughty Girl,2004,3,22
Beyonce,Deja Vu,2006,4,17
Beyonce,"Me, Myself And I",2003,4,24
Beyonce,Halo,2009,5,31
Beyonce,Cuff It,2022,6,35
Beyonce,II Most Wanted,2024,6,6
Beyonce,Jolene,2024,7,3
Beyonce,Formation,2016,10,7
Beyonce,Sweet Dreams,2009,10,29
Beyonce,Ring The Alarm,2006,11,14
Beyonce,Sorry,2016,11,20
Beyonce,7/11,2014,13,20
Beyonce,Hold Up,2016,13,14
Beyonce,Best Thing I Never Had,2011,16,20
Beyonce,Levii's Jeans,2024,16,2
Beyonce,6 Inch,2016,18,3
Beyonce,Alien Superstar,2022,19,5
Beyonce,Diva,2009,19,20
Beyonce,Love On Top,2011,20,20
Beyonce,Church Girl,2022,22,3
Beyonce,Partition,2014,23,21
Beyonce,Delresto (Echoes),2023,25,2
Beyonce,Bodyguard,2024,26,2
Beyonce,I'm That Girl,2022,26,2
Beyonce,Morning Dew (Donk),2026,26,5
Beyonce,Blackbiird,2024,27,2
Beyonce,Energy,2022,27,2
Beyonce,Don't Hurt Yourself,2016,28,2
Beyonce,Run The World (Girls),2011,29,13
Beyonce,Ameriican Requiem,2024,30,1
Beyonce,Cozy,2022,30,2
Beyonce,Spaghettii,2024,31,1
Beyonce,Freedom,2016,35,2
Beyonce,Black Parade,2020,37,2
Beyonce,Daughter,2024,37,1
Beyonce,Pray You Catch Me,2016,37,2
Beyonce,16 Carriages,2024,38,6
Beyonce,All Night,2016,38,2
Beyonce,America Has A Problem,2022,38,5
Beyonce,Ego,2009,39,17
Beyonce,Ya Ya,2024,39,2
Beyonce,***Flawless,2014,41,20
Beyonce,Daddy Lessons,2016,41,2
Beyonce,Plastic Off The Sofa,2022,41,1
Beyonce,Protector,2024,42,1
Beyonce,Sandcastles,2016,43,2
Beyonce,Virgo's Groove,2022,43,1
Beyonce,Tyrant,2024,44,2
Beyonce,XO,2014,45,10
Beyonce,Get Me Bodied,2007,46,19
Beyonce,Love Drought,2016,47,2
Beyonce,Summer Renaissance,2022,47,1
Beyonce,Party,2011,50,18
Beyonce,Heated,2022,51,1
Beyonce,Riiverdance,2024,51,1
Beyonce,Alliigator Tears,2024,52,1
Beyonce,Thique,2022,53,1
Beyonce,My Rose,2024,54,1
Beyonce,Move,2022,55,1
Beyonce,1+1,2011,57,2
Beyonce,Dangerously In Love,2004,57,20
Beyonce,My House,2023,57,1
Beyonce,Just For Fun,2024,59,1
Beyonce,Upgrade U,2006,59,18
Beyonce,II Hands II Heaven,2024,60,1
Beyonce,Listen,2007,61,12
Beyonce,Sweet * Honey * Buckiin',2024,61,1
Beyonce,Flamenco,2024,63,1
Beyonce,Forward,2016,63,1
Beyonce,Pure/Honey,2022,64,1
Beyonce,Before I Let Go,2019,65,16
Beyonce,Desert Eagle,2024,65,1
Beyonce,Video Phone,2009,65,5
Beyonce,At Last,2009,67,1
Beyonce,All Up In Your Mind,2022,70,1
Beyonce,Oh Louisiana,2024,70,1
Beyonce,Countdown,2011,71,15
Beyonce,Brown Skin Girl,2019,76,1
Beyonce,Dance For You,2012,78,15
Beyonce,Mine,2014,82,2
Beyonce,Amen,2024,87,1
Beyonce,Mood 4 Eva,2019,90,1
Beyonce,Spirit,2019,98,1
Chris Brown,Kiss Kiss,2007,1,26
Chris Brown,Run It!,2005,1,38
Chris Brown,Forever,2008,2,33
Chris Brown,With You,2007,2,29
Chris Brown,Go Crazy,2020,3,52
Chris Brown,No Guidance,2019,5,46
Chris Brown,Look At Me Now,2011,6,27
Chris Brown,Yo (Excuse Me Miss),2005,7,21
Chris Brown,Superhero (Heroes & Villains),2022,8,24
Chris Brown,Loyal,2014,9,36
Chris Brown,Don't Wake Me Up,2012,10,28
Chris Brown,Say Goodbye,2006,10,23
Chris Brown,Turn Up The Music,2012,10,20
Chris Brown,Under The Influence,2022,12,41
Chris Brown,Deuces,2010,14,27
Chris Brown,Gimme That,2006,15,20
Chris Brown,Yeah 3X,2010,15,24
Chris Brown,Dreamer,2008,16,2
Chris Brown,It Depends,2025,16,33
Chris Brown,Back To Sleep,2016,20,20
Chris Brown,I Can Transform Ya,2009,20,19
Chris Brown,Ayo,2015,21,20
Chris Brown,Love More,2013,23,26
Chris Brown,Next To You,2011,26,3
Chris Brown,New Flame,2014,27,22
Chris Brown,She Ain't You,2011,27,20
Chris Brown,Fine China,2013,31,16
Chris Brown,Undecided,2019,35,12
Chris Brown,Heat,2019,36,20
Chris Brown,Strip,2011,37,20
Chris Brown,Party,2017,40,20
Chris Brown,Residuals,2024,40,35
Chris Brown,Poppin',2006,42,20
Chris Brown,Beautiful People,2011,43,4
Chris Brown,Take You Down,2008,43,20
Chris Brown,Pills And Automobiles,2017,46,20
Chris Brown,Crawl,2009,53,9
Chris Brown,Baddest,2021,56,20
Chris Brown,Obvious,2026,57,5
Chris Brown,Liquor,2015,60,17
Chris Brown,No BS,2010,62,18
Chris Brown,Privacy,2017,62,17
Chris Brown,This Christmas,2007,62,5
Chris Brown,Don't Check On Me,2019,67,1
Chris Brown,Don't Judge Me,2012,67,20
Chris Brown,Baby,2025,68,1
Chris Brown,Grass Ain't Greener,2016,71,4
Chris Brown,Iffy,2022,71,8
Chris Brown,Sensational,2024,71,8
Chris Brown,Call Me Everyday,2022,76,1
Chris Brown,Wet The Bed,2011,77,10
Chris Brown,Psychic,2022,78,1
Chris Brown,Questions,2017,78,13
Chris Brown,WE (Warm Embrace),2022,79,1
Chris Brown,Wall To Wall,2007,79,9
Chris Brown,Fallin',2026,80,2
Chris Brown,Zero,2016,80,2
Chris Brown,Don't Think They Know,2013,81,2
Chris Brown,High End,2017,82,2
Chris Brown,For The Moment,2026,85,1
Chris Brown,Tempo,2018,88,4
Chris Brown,What I Do,2009,88,1
Chris Brown,Holy Blindfold,2025,89,1
Chris Brown,Sweet Love,2012,89,1
Chris Brown,Light It Up,2019,90,1
Chris Brown,Little More (Royalty),2016,91,1
Chris Brown,Stranger Things,2018,91,1
Chris Brown,Addicted,2022,92,1
Chris Brown,Die Alone,2022,92,1
Chris Brown,Honey Pack,2026,92,1
Chris Brown,Summer Too Hot,2023,93,4
Chris Brown,IDGAF,2024,98,2
Chris Brown,Possessive,2022,98,1
Chris Brown,X,2014,98,1
Kenny Rogers,Islands In The Stream,1983,1,25
Kenny Rogers,Lady,1980,1,25
Kenny Rogers,Coward Of The County,1979,3,19
Kenny Rogers,I Don't Need You,1981,3,18
Kenny Rogers,Don't Fall In Love With A Dreamer,1980,4,19
Kenny Rogers,Lucille,1977,5,19
Kenny Rogers,She Believes In Me,1979,5,16
Kenny Rogers,"Ruby, Don't Take Your Love To Town",1969,6,13
Kenny Rogers,We've Got Tonight,1983,6,18
Kenny Rogers,You Decorated My Life,1979,7,18
Kenny Rogers,Something's Burning,1970,11,16
Kenny Rogers,Love Will Turn You Around,1982,13,17
Kenny Rogers,Through The Years,1981,13,15
Kenny Rogers,Love The World Away,1980,14,12
Kenny Rogers,Share Your Love With Me,1981,14,15
Kenny Rogers,What About Me?,1984,15,19
Kenny Rogers,The Gambler,1978,16,22
Kenny Rogers,Tell It All Brother,1970,17,11
Kenny Rogers,This Woman,1984,23,13
Kenny Rogers,Reuben James,1969,26,12
Kenny Rogers,Daytime Friends,1977,28,12
Kenny Rogers,Love Or Something Like It,1978,32,12
Kenny Rogers,Heed The Call,1970,33,10
Kenny Rogers,All My Life,1983,37,11
Kenny Rogers,Buy Me A Rose,2000,40,20
Kenny Rogers,Sweet Music Man,1977,44,8
Kenny Rogers,A Love Song,1982,47,10
Kenny Rogers,Someone Who Cares,1971,51,7
Kenny Rogers,Blaze Of Glory,1981,66,9
Kenny Rogers,Morning Desire,1985,72,9
Kenny Rogers,Crazy,1985,79,8
Kenny Rogers,Eyes That See In The Dark,1984,79,5
Kenny Rogers,The Greatest Gift Of All,1984,81,4
Kenny Rogers,School Teacher,1972,91,4
Kenny Rogers,Take My Hand,1971,91,2
Kenny Rogers,I Can't Unlove You,2006,93,5
Kenny Rogers,Scarlet Fever,1983,94,2
Kenny Rogers,Love Lifted Me,1976,97,3
Barbra Streisand,"Evergreen (Love Theme From ""A Star Is Born"")",1976,1,25
Barbra Streisand,No More Tears (Enough Is Enough),1979,1,15
Barbra Streisand,The Way We Were,1973,1,23
Barbra Streisand,Woman In Love,1980,1,24
Barbra Streisand,You Don't Bring Me Flowers,1978,1,17
Barbra Streisand,Guilty,1980,3,22
Barbra Streisand,The Main Event/Fight,1979,3,17
Barbra Streisand,My Heart Belongs To Me,1977,4,17
Barbra Streisand,People,1964,5,19
Barbra Streisand,Stoney End,1970,6,18
Barbra Streisand,"I Finally Found Someone (From ""The Mirror Has Two Faces"")",1996,8,20
Barbra Streisand,What Kind Of Fool,1981,10,16
Barbra Streisand,Comin' In And Out Of Your Life,1981,11,16
Barbra Streisand,"Love Theme From ""Eyes Of Laura Mars"" (Prisoner)",1978,21,12
Barbra Streisand,Songbird,1978,25,10
Barbra Streisand,Till I Loved You,1988,25,12
Barbra Streisand,Second Hand Rose,1965,32,9
Barbra Streisand,Kiss Me In The Rain,1980,37,11
Barbra Streisand,Sweet Inspiration/Where You Lead,1972,37,12
Barbra Streisand,The Way He Makes Me Feel,1983,40,15
Barbra Streisand,Where You Lead,1971,40,8
Barbra Streisand,Somewhere,1985,43,14
Barbra Streisand,Funny Girl,1964,44,9
Barbra Streisand,Promises,1981,48,9
Barbra Streisand,Left In The Dark,1984,50,12
Barbra Streisand,"Make No Mistake, He's Mine",1984,51,10
Barbra Streisand,Time And Love,1971,51,7
Barbra Streisand,Memory,1982,52,7
Barbra Streisand,He Touched Me,1965,53,10
Barbra Streisand,All In Love Is Fair,1974,63,5
Barbra Streisand,Why Did I Choose You,1965,77,5
Barbra Streisand,Emotion,1985,79,2
Barbra Streisand,Mother,1971,79,5
Barbra Streisand,My Man,1965,79,6
Barbra Streisand,Didn't We,1972,82,8
Barbra Streisand,Flim Flam Man,1971,82,5
Barbra Streisand,Free Again,1966,83,4
Barbra Streisand,Stout-Hearted Men,1967,92,2
Barbra Streisand,Sing A Song/Make Your Own Kind Of Music,1972,94,3
Barbra Streisand,Where Am I Going?,1966,94,2
Barbra Streisand,"Sam, You Made The Pants Too Long",1966,98,1
Bryan Adams,(Everything I Do) I Do It For You,1991,1,22
Bryan Adams,All For Love,1993,1,22
Bryan Adams,Have You Ever Really Loved A Woman?,1995,1,24
Bryan Adams,Heaven,1985,1,19
Bryan Adams,Can't Stop This Thing We Started,1991,2,20
Bryan Adams,Summer Of '69,1985,5,17
Bryan Adams,Heat Of The Night,1987,6,16
Bryan Adams,Run To You,1984,6,19
Bryan Adams,Please Forgive Me,1993,7,28
Bryan Adams,"I Finally Found Someone (From ""The Mirror Has Two Faces"")",1996,8,20
Bryan Adams,Straight From The Heart,1983,10,19
Bryan Adams,Do I Have To Say The Words?,1992,11,20
Bryan Adams,Somebody,1985,11,17
Bryan Adams,One Night Love Affair,1985,13,15
Bryan Adams,Thought I'd Died And Gone To Heaven,1992,13,20
Bryan Adams,Cuts Like A Knife,1983,15,14
Bryan Adams,It's Only Love,1985,15,14
Bryan Adams,Let's Make A Night To Remember,1996,24,23
Bryan Adams,This Time,1983,24,12
Bryan Adams,Hearts On Fire,1987,26,13
Bryan Adams,There Will Never Be Another Tonight,1991,31,15
Bryan Adams,Victim Of Love,1987,32,12
Bryan Adams,The Only Thing That Looks Good On Me Is You,1996,52,12
Bryan Adams,Lonely Nights,1982,84,2
Cher,Believe,1998,1,31
Cher,Dark Lady,1974,1,16
Cher,"Gypsys, Tramps & Thieves",1971,1,16
Cher,Half-Breed,1973,1,20
Cher,I Got You Babe,1965,1,14
Cher,Bang Bang (My Baby Shot Me Down),1966,2,11
Cher,If I Could Turn Back Time,1989,3,23
Cher,"After All (Love Theme From ""Chances Are"")",1989,6,20
Cher,The Beat Goes On,1967,6,11
Cher,All I Ever Need Is You,1971,7,15
Cher,The Way Of Love,1972,7,13
Cher,A Cowboys Work Is Never Done,1972,8,13
Cher,Baby Don't Go,1965,8,12
Cher,Just Like Jesse James,1989,8,18
Cher,Take Me Home,1979,8,19
Cher,You Better Sit Down Kids,1967,9,13
Cher,I Found Someone,1987,10,26
Cher,We All Sleep Alone,1988,14,15
Cher,What Now My Love,1966,14,8
Cher,All I Really Want To Do,1965,15,12
Cher,But You're Mine,1965,15,8
Cher,Love And Understanding,1991,17,15
Cher,Heart Of Stone,1990,20,14
Cher,Just You,1965,20,9
Cher,Little Man,1966,21,7
Cher,Living In A House Divided,1972,22,8
Cher,Where Do You Go,1965,25,7
Cher,Train Of Thought,1974,27,11
Cher,Alfie,1966,32,6
Cher,When You Say Love,1972,32,10
Cher,The Shoop Shoop Song (It's In His Kiss),1990,33,16
Cher,Save Up All Your Tears,1991,37,20
Cher,I Saw A Man And He Danced With His Wife,1974,42,9
Cher,Don't Hide Your Love,1972,46,8
Cher,Have I Stayed Too Long,1966,49,6
Cher,Wasn't It Good,1979,49,7
Cher,It's The Little Things,1967,50,7
Cher,One By One,1996,52,14
Cher,A Beautiful Story,1967,53,5
Cher,Good Combination,1967,56,6
Cher,Strong Enough,1999,57,12
Cher,Hell On Wheels,1979,59,5
Cher,Plastic Man,1967,74,3
Cher,The Letter,1965,75,5
Cher,"Mama Was A Rock And Roll Singer, Papa Used To Write All Her Songs Part 1",1973,77,5
Cher,Skin Deep,1988,79,4
Cher,Song For The Lonely,2002,85,6
Cher,Living For You,1966,87,2
Cher,DJ Play A Christmas Song,2023,90,2
Cher,Pirate,1977,93,2
Cher,Hey Joe,1967,94,2
Cher,Behind The Door,1966,97,1
The Black Eyed Peas,Boom Boom Pow,2009,1,33
The Black Eyed Peas,I Gotta Feeling,2009,1,56
The Black Eyed Peas,Imma Be,2009,1,27
The Black Eyed Peas,Don't Phunk With My Heart,2005,3,26
The Black Eyed Peas,Just Can't Get Enough,2011,3,31
The Black Eyed Peas,My Humps,2005,3,36
The Black Eyed Peas,The Time (Dirty Bit),2010,4,20
The Black Eyed Peas,Meet Me Halfway,2009,7,24
The Black Eyed Peas,Where Is The Love?,2003,8,25
The Black Eyed Peas,Rock That Body,2010,9,18
The Black Eyed Peas,Don't Lie,2005,14,20
The Black Eyed Peas,Pump It,2005,18,22
The Black Eyed Peas,Let's Get It Started,2004,21,20
The Black Eyed Peas,Hey Mama,2004,23,20
The Black Eyed Peas,Request Line,2001,63,8
The Black Eyed Peas,Don't Stop The Party,2011,86,4
P!nk,Just Give Me A Reason,2013,1,36
P!nk,Lady Marmalade,2001,1,20
P!nk,Raise Your Glass,2010,1,30
P!nk,So What,2008,1,31
P!nk,F**kin' Perfect,2011,2,30
P!nk,Get The Party Started,2001,4,24
P!nk,Most Girls,2000,4,27
P!nk,Blow Me (One Last Kiss),2012,5,27
P!nk,There You Go,2000,7,32
P!nk,Don't Let Me Get Me,2002,8,21
P!nk,Just Like A Pill,2002,8,20
P!nk,Try,2012,9,24
P!nk,U + Ur Hand,2007,9,33
P!nk,Who Knew,2007,9,36
P!nk,Just Like Fire,2016,10,26
P!nk,Stupid Girls,2006,13,16
P!nk,What About Us,2017,13,22
P!nk,Sober,2008,15,25
P!nk,Please Don't Leave Me,2009,17,26
P!nk,Glitter In The Air,2010,18,18
P!nk,Family Portrait,2002,20,20
P!nk,You Make Me Sick,2001,33,19
P!nk,Funhouse,2009,44,13
P!nk,Walk Me Home,2019,49,20
P!nk,True Love,2013,53,14
P!nk,Feel Good Time,2003,60,5
P!nk,Trouble,2003,68,4
P!nk,All I Know So Far,2021,74,5
P!nk,Beautiful Trauma,2017,78,15
P!nk,Trustfall,2023,82,4
P!nk,A Million Dreams,2018,90,1
P!nk,Love Me Anyway,2019,96,1
P!nk,Never Gonna Not Dance Again,2023,99,2
George Michael,Don't Let The Sun Go Down On Me,1991,1,20
George Michael,Faith,1987,1,21
George Michael,Father Figure,1988,1,17
George Michael,I Knew You Were Waiting (For Me),1987,1,17
George Michael,Monkey,1988,1,16
George Michael,One More Try,1988,1,18
George Michael,Praying For Time,1990,1,14
George Michael,"I Want Your Sex (From ""Beverly Hills Cop II"")",1987,2,20
George Michael,Kissing A Fool,1988,5,15
George Michael,A Different Corner,1986,7,16
George Michael,Jesus To A Child,1996,7,14
George Michael,Fastlove,1996,8,19
George Michael,Freedom,1990,8,16
George Michael,Too Funky,1992,10,20
George Michael,Waiting For That Day,1991,27,10
George Michael,Somebody To Love,1993,30,9
George Michael,Mother's Pride,1991,46,9
George Michael,Killer/Papa Was A Rollin' Stone,1993,69,7
Bobby Vinton,Blue Velvet,1963,1,15
Bobby Vinton,Mr. Lonely,1964,1,15
Bobby Vinton,Roses Are Red (My Love),1962,1,15
Bobby Vinton,There! I've Said It Again,1963,1,13
Bobby Vinton,Blue On Blue,1963,3,13
Bobby Vinton,My Melody Of Love,1974,3,17
Bobby Vinton,Please Love Me Forever,1967,6,13
Bobby Vinton,I Love How You Love Me,1968,9,14
Bobby Vinton,My Heart Belongs To Only You,1964,9,9
Bobby Vinton,Coming Home Soldier,1966,11,12
Bobby Vinton,Rain Rain Go Away,1962,12,11
Bobby Vinton,Tell Me Why,1964,13,8
Bobby Vinton,Clinging Vine,1964,17,8
Bobby Vinton,Long Lonely Nights,1965,17,7
Bobby Vinton,Sealed With A Kiss,1972,19,14
Bobby Vinton,Over The Mountain (Across The Sea),1963,21,10
Bobby Vinton,L-O-N-E-L-Y,1965,22,8
Bobby Vinton,Halfway To Paradise,1968,23,7
Bobby Vinton,Satin Pillows,1965,23,10
Bobby Vinton,Every Day Of My Life,1972,24,16
Bobby Vinton,Just As Much As Ever,1967,24,8
Bobby Vinton,Beer Barrel Polka/Dick And Jane,1975,33,9
Bobby Vinton,Take Good Care Of My Baby,1968,33,8
Bobby Vinton,Trouble Is My Middle Name,1962,33,9
Bobby Vinton,The Days Of Sand And Shovels,1969,34,8
Bobby Vinton,To Know You Is To Love You,1969,34,7
Bobby Vinton,I Love You The Way You Are,1962,38,9
Bobby Vinton,Let's Kiss And Make Up,1962,38,9
Bobby Vinton,What Color (Is A Man),1965,38,7
Bobby Vinton,Dum-De-Da,1966,40,6
Bobby Vinton,My Elusive Dreams,1970,46,9
Bobby Vinton,Wooden Heart,1975,58,5
Bobby Vinton,Tears,1966,59,5
Bobby Vinton,"Theme From ""Harlow"" (Lonely Girl)",1965,61,5
Bobby Vinton,For He's A Jolly Good Fellow,1967,66,4
Bobby Vinton,Save Your Kisses For Me,1976,75,3
Bobby Vinton,Make Believe It's Your First Time,1980,78,4
Bobby Vinton,Petticoat White (Summer Sky Blue),1966,81,3
Bobby Vinton,But I Do,1972,82,6
Bobby Vinton,No Arms Can Ever Hold You,1970,93,4
Bobby Vinton,Red Roses For Mom,1967,95,2
Bobby Vinton,Moonlight Serenade,1976,97,2
Bobby Vinton,Only Love Can Break A Heart,1977,99,2
John Mellencamp,R.O.C.K. In The U.S.A. (A Salute to 60's Rock),1986,2,17
John Mellencamp,Wild Night,1994,3,42
John Mellencamp,Lonely Ol' Night,1985,6,20
John Mellencamp,Small Town,1985,6,18
John Mellencamp,Cherry Bomb,1987,8,21
John Mellencamp,Pink Houses,1983,8,16
John Mellencamp,Paper In Fire,1987,9,16
John Mellencamp,Check It Out,1988,14,15
John Mellencamp,Get A Leg Up,1991,14,15
John Mellencamp,Key West Intermezzo (I Saw You First),1996,14,24
John Mellencamp,Pop Singer,1989,15,12
John Mellencamp,Rain On The Scarecrow,1986,21,12
John Mellencamp,Rumbleseat,1986,28,13
John Mellencamp,Again Tonight,1992,36,13
John Mellencamp,Dance Naked,1994,41,17
John Mellencamp,Just Another Day,1997,46,20
John Mellencamp,Human Wheels,1993,48,14
John Mellencamp,Jackie Brown,1989,48,8
John Mellencamp,Rooty Toot Toot,1988,61,8
John Mellencamp,Our Country,2006,88,1
Lady Gaga,Born This Way,2011,1,20
Lady Gaga,Die With A Smile,2024,1,60
Lady Gaga,Just Dance,2008,1,49
Lady Gaga,Poker Face,2009,1,40
Lady Gaga,Rain On Me,2020,1,20
Lady Gaga,Shallow,2018,1,45
Lady Gaga,Bad Romance,2009,2,35
Lady Gaga,Telephone,2009,3,33
Lady Gaga,The Edge Of Glory,2011,3,24
Lady Gaga,Applause,2013,4,23
Lady Gaga,Million Reasons,2016,4,20
Lady Gaga,Alejandro,2010,5,23
Lady Gaga,LoveGame,2009,5,22
Lady Gaga,Stupid Love,2020,5,10
Lady Gaga,Paparazzi,2009,6,27
Lady Gaga,You And I,2011,6,20
Lady Gaga,Dope,2013,8,2
Lady Gaga,Judas,2011,10,8
Lady Gaga,Hair,2011,12,1
Lady Gaga,Abracadabra,2025,13,20
Lady Gaga,Do What U Want,2013,13,19
Lady Gaga,Perfect Illusion,2016,15,6
Lady Gaga,Disease,2024,27,9
Lady Gaga,Marry The Night,2011,29,12
Lady Gaga,Venus,2013,32,1
Lady Gaga,Sour Candy,2020,33,2
Lady Gaga,I'll Never Love Again,2018,36,7
Lady Gaga,The Cure,2017,39,14
Lady Gaga,The Dead Dance,2025,40,13
Lady Gaga,Always Remember Us This Way,2018,41,9
Lady Gaga,Bloody Mary,2023,41,18
Lady Gaga,Hold My Hand,2022,49,10
Lady Gaga,Runway,2026,50,4
Lady Gaga,Garden Of Eden,2025,52,1
Lady Gaga,Vanish Into You,2025,61,1
Lady Gaga,Is That Alright?,2018,63,1
Lady Gaga,A-YO,2016,66,1
Lady Gaga,How Bad Do U Want Me,2025,69,1
Lady Gaga,G.U.Y.,2014,76,1
Lady Gaga,Perfect Celebrity,2025,81,1
Lady Gaga,Alice,2020,84,1
Lady Gaga,Zombieboy,2025,85,1
Lady Gaga,Killah,2025,93,1
Lady Gaga,Speechless,2009,94,1
Lady Gaga,LoveDrug,2025,95,1
Lady Gaga,Til It Happens To You,2016,95,1
Three Dog Night,Black & White,1972,1,11
Three Dog Night,Joy To The World,1971,1,17
Three Dog Night,Mama Told Me (Not To Come),1970,1,15
Three Dog Night,Shambala,1973,3,16
Three Dog Night,An Old Fashioned Love Song,1971,4,11
Three Dog Night,Easy To Be Hard,1969,4,13
Three Dog Night,The Show Must Go On,1974,4,19
Three Dog Night,Never Been To Spain,1971,5,12
Three Dog Night,One,1969,5,16
Three Dog Night,Liar,1971,7,12
Three Dog Night,Eli's Coming,1969,10,14
Three Dog Night,The Family Of Man,1972,12,9
Three Dog Night,Celebrate,1970,15,9
Three Dog Night,Out In The Country,1970,15,11
Three Dog Night,Sure As I'm Sittin' Here,1974,16,13
Three Dog Night,Let Me Serenade You,1973,17,12
Three Dog Night,One Man Band,1970,19,11
Three Dog Night,Pieces Of April,1972,19,14
Three Dog Night,Try A Little Tenderness,1969,29,12
Three Dog Night,Til The World Ends,1975,32,9
Three Dog Night,Play Something Sweet (Brickyard Blues),1974,33,12
Huey Lewis & The News,Jacob's Ladder,1987,1,15
Huey Lewis & The News,Stuck With You,1986,1,19
Huey Lewis & The News,The Power Of Love,1985,1,19
Huey Lewis & The News,Hip To Be Square,1986,3,16
Huey Lewis & The News,Perfect World,1988,3,15
Huey Lewis & The News,Doing It All For My Baby,1987,6,16
Huey Lewis & The News,I Want A New Drug,1984,6,19
Huey Lewis & The News,If This Is It,1984,6,17
Huey Lewis & The News,The Heart Of Rock & Roll,1984,6,20
Huey Lewis & The News,Do You Believe In Love,1982,7,17
Huey Lewis & The News,Heart And Soul,1983,8,21
Huey Lewis & The News,I Know What I Like,1987,9,14
Huey Lewis & The News,Couple Days Off,1991,11,13
Huey Lewis & The News,Walking On A Thin Line,1984,18,15
Huey Lewis & The News,It Hit Me Like A Hammer,1991,21,13
Huey Lewis & The News,Small World,1988,25,11
Huey Lewis & The News,Hope You Love Me Like You Say You Do,1982,36,11
Huey Lewis & The News,Workin' For A Livin',1982,41,9
Huey Lewis & The News,(She's) Some Kind Of Wonderful,1994,44,12
Huey Lewis & The News,Give Me The Keys (And I'll Drive You Crazy),1989,47,8
Huey Lewis & The News,But It's Alright,1994,54,20
Gloria Estefan/Miami Sound Machine,Anything For You,1988,1,23
Gloria Estefan/Miami Sound Machine,Coming Out Of The Dark,1991,1,19
Gloria Estefan/Miami Sound Machine,Don't Wanna Lose You,1989,1,18
Gloria Estefan/Miami Sound Machine,Music Of My Heart,1999,2,20
Gloria Estefan/Miami Sound Machine,1-2-3,1988,3,19
Gloria Estefan/Miami Sound Machine,Rhythm Is Gonna Get You,1987,5,17
Gloria Estefan/Miami Sound Machine,Words Get In The Way,1986,5,24
Gloria Estefan/Miami Sound Machine,Can't Stay Away From You,1987,6,23
Gloria Estefan/Miami Sound Machine,Here We Are,1989,6,21
Gloria Estefan/Miami Sound Machine,Bad Boy,1986,8,19
Gloria Estefan/Miami Sound Machine,Conga,1985,10,27
Gloria Estefan/Miami Sound Machine,Get On Your Feet,1989,11,17
Gloria Estefan/Miami Sound Machine,"Turn The Beat Around (From ""The Specialist"")",1994,13,25
Gloria Estefan/Miami Sound Machine,Live For Loving You,1991,22,20
Gloria Estefan/Miami Sound Machine,Falling In Love (Uh-Oh),1986,25,16
Gloria Estefan/Miami Sound Machine,Everlasting Love,1995,27,20
Gloria Estefan/Miami Sound Machine,Heaven's What I Feel,1998,27,20
Gloria Estefan/Miami Sound Machine,Betcha Say That,1987,36,11
Gloria Estefan/Miami Sound Machine,I'm Not Giving You Up,1996,40,19
Gloria Estefan/Miami Sound Machine,Reach,1996,42,20
Gloria Estefan/Miami Sound Machine,Can't Forget You,1991,43,13
Gloria Estefan/Miami Sound Machine,Cuts Both Ways,1990,44,14
Gloria Estefan/Miami Sound Machine,I See Your Smile,1993,48,17
Gloria Estefan/Miami Sound Machine,Oye Mi Canto (Hear My Voice),1990,48,7
Gloria Estefan/Miami Sound Machine,Seal Our Fate,1991,53,7
Gloria Estefan/Miami Sound Machine,You'll Be Mine (Party Time),1996,70,10
Gloria Estefan/Miami Sound Machine,Don't Let This Moment End,1998,76,2
Gloria Estefan/Miami Sound Machine,No Me Dejes De Querer,2000,77,1
Gloria Estefan/Miami Sound Machine,Always Tomorrow,1992,81,6
Bon Jovi,Bad Medicine,1988,1,20
Bon Jovi,I'll Be There For You,1989,1,22
Bon Jovi,Livin' On A Prayer,1986,1,22
Bon Jovi,You Give Love A Bad Name,1986,1,24
Bon Jovi,Born To Be My Baby,1988,3,20
Bon Jovi,Always,1994,4,32
Bon Jovi,Lay Your Hands On Me,1989,7,16
Bon Jovi,Wanted Dead Or Alive,1987,7,17
Bon Jovi,Living In Sin,1989,9,19
Bon Jovi,Bed Of Roses,1993,10,20
Bon Jovi,This Ain't A Love Song,1995,14,20
Bon Jovi,Who Says You Can't Go Home,2006,23,26
Bon Jovi,(You Want To) Make A Memory,2007,27,20
Bon Jovi,In These Arms,1993,27,16
Bon Jovi,Keep The Faith,1992,29,16
Bon Jovi,It's My Life,2000,33,20
Bon Jovi,Runaway,1984,39,13
Bon Jovi,She Don't Know Me,1984,48,11
Bon Jovi,Have A Nice Day,2005,53,15
Bon Jovi,Only Lonely,1985,54,8
Bon Jovi,Thank You For Loving Me,2001,57,10
Bon Jovi,We Weren't Born To Follow,2009,68,4
Bon Jovi,In And Out Of Love,1985,69,6
Bon Jovi,Lie To Me/Something For The Pain,1995,76,9
Bon Jovi,I'll Sleep When I'm Dead,1993,97,4
Chubby Checker,Pony Time,1961,1,16
Chubby Checker,The Twist,1960,1,39
Chubby Checker,Limbo Rock,1962,2,23
Chubby Checker,The Fly,1961,7,13
Chubby Checker,Let's Twist Again,1961,8,23
Chubby Checker,Popeye (The Hitchhiker),1962,10,13
Chubby Checker,Birdland,1963,12,9
Chubby Checker,Dancin' Party,1962,12,10
Chubby Checker,Loddy Lo,1963,12,13
Chubby Checker,The Hucklebuck,1960,14,13
Chubby Checker,Twenty Miles,1963,15,12
Chubby Checker,Hooka Tooka,1963,17,14
Chubby Checker,Let's Limbo Some More,1963,20,10
Chubby Checker,Jingle Bell Rock,1961,21,7
Chubby Checker,"Hey, Bobba Needle",1964,23,9
Chubby Checker,(Dance The) Mess Around,1961,24,7
Chubby Checker,Twist It Up,1963,25,8
Chubby Checker,The Class,1959,38,7
Chubby Checker,Lazy Elsie Molly,1964,40,7
Chubby Checker,Let's Do The Freddie,1965,40,9
Chubby Checker,Whole Lotta Shakin' Goin' On,1960,42,8
Chubby Checker,"Good, Good Lovin'",1961,43,6
Chubby Checker,She Wants T' Swim,1964,50,7
Chubby Checker,Surf Party,1963,55,6
Chubby Checker,Twistin' U.S.A.,1961,68,3
Chubby Checker,"Lovely, Lovely (Loverly, Loverly)",1965,70,4
Chubby Checker,La Paloma Twist,1962,72,2
Chubby Checker,Hey You! Little Boo-Ga-Loo,1966,76,5
Chubby Checker,Back In The U.S.S.R.,1969,82,5
Chubby Checker,Running,1982,91,5
Chubby Checker,Black Cloud,1963,98,1
Ray Charles,Georgia On My Mind,1960,1,13
Ray Charles,I Can't Stop Loving You,1962,1,18
Ray Charles,You Don't Know Me,1962,2,11
Ray Charles,Crying Time,1965,6,15
Ray Charles,You Are My Sunshine,1962,7,12
Ray Charles,One Mint Julep,1961,8,13
Ray Charles,Take These Chains From My Heart,1963,8,11
Ray Charles,Here We Go Again,1967,15,12
Ray Charles,Together Again,1966,19,8
Ray Charles,That Lucky Old Sun,1963,20,9
Ray Charles,No One,1963,21,8
Ray Charles,Yesterday,1967,25,7
Ray Charles,Ruby,1960,28,9
Ray Charles,Without Love (There Is Nothing),1963,29,7
Ray Charles,Your Cheating Heart,1962,29,9
Ray Charles,Let's Go Get Stoned,1966,31,9
Ray Charles,I Chose To Sing The Blues,1966,32,7
Ray Charles,In The Heat Of The Night,1967,33,7
Ray Charles,Eleanor Rigby,1968,35,10
Ray Charles,Don't Change On Me,1971,36,11
Ray Charles,My Heart Cries For You,1964,38,7
Ray Charles,Born To Lose,1962,41,9
Ray Charles,If You Were Mine,1970,41,18
Ray Charles,Makin' Whoopee,1964,46,8
Ray Charles,Understanding,1968,46,12
Ray Charles,A Tear Fell,1964,50,5
Ray Charles,What Am I Living For,1971,54,7
Ray Charles,Hardhearted Hannah,1960,55,4
Ray Charles,No One To Cry To,1964,55,6
Ray Charles,Cry,1965,58,7
Ray Charles,Careless Love,1962,60,4
Ray Charles,That's A Lie,1968,64,8
Ray Charles,"Look What They've Done To My Song, Ma",1972,65,6
Ray Charles,I've Got News For You,1961,66,5
Ray Charles,Feel So Bad,1971,68,8
Ray Charles,If It Wasn't For Bad Luck,1969,77,6
Ray Charles,Let The Good Times Roll,1960,78,3
Ray Charles,I Can Make It Thru The Days (But Oh Those Lonely Nights),1973,81,4
Ray Charles,Come Live With Me,1973,82,6
Ray Charles,Come Rain Or Come Shine,1960,83,4
Ray Charles,Sweet Young Thing Like You,1968,83,2
Ray Charles,I'm A Fool To Care,1965,84,4
Ray Charles,I'm Gonna Move To The Outskirts Of Town,1961,84,2
Ray Charles,Baby It's Cold Outside,1962,91,2
Ray Charles,Living For The City,1975,91,3
Ray Charles,You're Just About To Lose Your Clown,1966,91,2
Ray Charles,"Listen, They're Playing My Song",1968,92,2
Ray Charles,Let Me Love You,1969,94,2
Ray Charles,(Night Time Is) The Right Time,1959,95,1
Ray Charles,Don't Let The Sun Catch You Cryin',1960,95,2
Ray Charles,I Want To Talk About You,1967,98,1
Ray Charles,Laughin And Clownin,1970,98,2
Foreigner,I Want To Know What Love Is,1984,1,21
Foreigner,Double Vision,1978,2,20
Foreigner,Waiting For A Girl Like You,1981,2,23
Foreigner,Hot Blooded,1978,3,17
Foreigner,Feels Like The First Time,1977,4,22
Foreigner,Urgent,1981,4,23
Foreigner,I Don't Want To Live Without You,1988,5,17
Foreigner,Cold As Ice,1977,6,21
Foreigner,Say You Will,1987,6,19
Foreigner,Dirty White Boy,1979,12,14
Foreigner,That Was Yesterday,1985,12,15
Foreigner,Head Games,1979,14,14
Foreigner,"Blue Morning, Blue Day",1978,15,14
Foreigner,"Long, Long Way From Home",1977,20,14
Foreigner,Break It Up,1982,26,13
Foreigner,Juke Box Hero,1982,26,13
Foreigner,Women,1980,41,9
Foreigner,Until The End Of Time,1995,42,16
Foreigner,Down On Love,1985,54,8
Foreigner,Reaction To Action,1985,54,8
Foreigner,Heart Turns To Stone,1988,56,10
Foreigner,Luanne,1982,75,6
Kool & The Gang,Celebration,1980,1,30
Kool & The Gang,Cherish,1985,2,25
Kool & The Gang,Joanna,1983,2,24
Kool & The Gang,Jungle Boogie,1973,4,22
Kool & The Gang,Too Hot,1980,5,18
Kool & The Gang,Hollywood Swinging,1974,6,19
Kool & The Gang,Ladies Night,1979,8,24
Kool & The Gang,Fresh,1985,9,19
Kool & The Gang,Get Down On It,1982,10,17
Kool & The Gang,Misled,1984,10,24
Kool & The Gang,Stone Love,1987,10,18
Kool & The Gang,Victory,1986,10,18
Kool & The Gang,Tonight,1984,13,18
Kool & The Gang,Take My Heart (You Can Have It If You Want It),1981,17,17
Kool & The Gang,Emergency,1985,18,16
Kool & The Gang,Big Fun,1982,21,11
Kool & The Gang,Funky Stuff,1973,29,12
Kool & The Gang,"Let's Go Dancin' (ooh La, La, La)",1982,30,15
Kool & The Gang,Spirit Of The Boogie/Summer Madness,1975,35,17
Kool & The Gang,Higher Plane,1974,37,8
Kool & The Gang,Jones Vs. Jones,1981,39,11
Kool & The Gang,Caribbean Festival,1975,55,7
Kool & The Gang,Open Sesame - Part 1,1976,55,13
Kool & The Gang,Kool And The Gang,1969,59,12
Kool & The Gang,Rhyme Tyme People,1975,63,8
Kool & The Gang,Holiday,1987,66,7
Kool & The Gang,Special Way,1987,72,14
Kool & The Gang,Love And Understanding (Come Together),1976,77,8
Kool & The Gang,Let The Music Take Your Mind,1970,78,6
Kool & The Gang,The Gangs Back Again,1969,85,5
Kool & The Gang,Funky Man,1970,87,4
Kool & The Gang,Steppin' Out,1982,89,2
Gladys Knight And The Pips,Midnight Train To Georgia,1973,1,19
Gladys Knight And The Pips,I Heard It Through The Grapevine,1967,2,17
Gladys Knight And The Pips,Neither One Of Us (Wants To Be The First To Say Goodbye),1973,2,16
Gladys Knight And The Pips,Best Thing That Ever Happened To Me,1974,3,17
Gladys Knight And The Pips,I've Got To Use My Imagination,1973,4,16
Gladys Knight And The Pips,On And On,1974,5,17
Gladys Knight And The Pips,If I Were Your Woman,1970,9,15
Gladys Knight And The Pips,The Way We Were/try To Remember,1975,11,17
Gladys Knight And The Pips,Love Overboard,1988,13,14
Gladys Knight And The Pips,The End Of Our Road,1968,15,10
Gladys Knight And The Pips,Friendship Train,1969,17,14
Gladys Knight And The Pips,I Don't Want To Do Wrong,1971,17,11
Gladys Knight And The Pips,"Daddy Could Swear, I Declare",1973,19,15
Gladys Knight And The Pips,Letter Full Of Tears,1961,19,12
Gladys Knight And The Pips,The Nitty Gritty,1969,19,11
Gladys Knight And The Pips,I Feel A Song (In My Heart)/Don't Burn Down The Bridge,1974,21,17
Gladys Knight And The Pips,Part Time Love,1975,22,11
Gladys Knight And The Pips,You Need Love Like I Do (Don't You),1970,25,8
Gladys Knight And The Pips,Make Me The Woman That You Go Home To,1971,27,10
Gladys Knight And The Pips,Where Peaceful Waters Flow,1973,28,11
Gladys Knight And The Pips,Help Me Make It Through The Night,1972,33,8
Gladys Knight And The Pips,Giving Up,1964,38,10
Gladys Knight And The Pips,Everybody Needs Love,1967,39,9
Gladys Knight And The Pips,It Should Have Been Me,1968,40,8
Gladys Knight And The Pips,I Wish It Would Rain,1968,41,10
Gladys Knight And The Pips,Every Beat Of My Heart,1961,45,7
Gladys Knight And The Pips,Landlord,1980,46,9
Gladys Knight And The Pips,Love Finds It's Own Way,1975,47,8
Gladys Knight And The Pips,So Sad The Song,1976,47,8
Gladys Knight And The Pips,Money,1975,50,7
Gladys Knight And The Pips,Baby Don't Change Your Mind,1977,52,11
Gladys Knight And The Pips,Between Her Goodbye And My Hello,1974,57,9
Gladys Knight And The Pips,All I Need Is Time,1973,61,7
Gladys Knight And The Pips,Didn't You Know (You'd Have To Cry Sometime),1969,63,7
Gladys Knight And The Pips,Save The Overtime (For Me),1983,66,10
Gladys Knight And The Pips,Lovers Always Forgive,1964,89,5
Gladys Knight And The Pips,Operator,1962,97,2
Gladys Knight And The Pips,Take Me In Your Arms And Love Me,1967,98,2
Ricky Nelson,Poor Little Fool,1958,1,11
Ricky Nelson,Travelin' Man,1961,1,16
Ricky Nelson,Never Be Anyone Else But You,1959,6,16
Ricky Nelson,Lonesome Town,1958,7,18
Ricky Nelson,Hello Mary Lou,1961,9,15
Ricky Nelson,It's Late,1959,9,13
Ricky Nelson,Just A Little Too Much,1959,9,13
Ricky Nelson,Sweeter Than You,1959,9,12
Ricky Nelson,I Got A Feeling,1958,10,17
Ricky Nelson,Young Emotions,1960,12,13
Ricky Nelson,I Wanna Be Loved,1959,20,11
Ricky Nelson,You Are The Only One,1960,25,8
Ricky Nelson,I'm Not Afraid,1960,27,8
Ricky Nelson,"Yes Sir, That's My Baby",1960,34,6
Ricky Nelson,Mighty Good,1959,38,9
Ricky Nelson,Right By My Side,1960,59,6
Ricky Nelson,Milk Cow Blues,1961,79,3
Ricky Nelson,Old Enough To Love,1963,94,3
Ricky Nelson,If You Can't Rock Me,1963,100,1
Duran Duran,A View To A Kill,1985,1,17
Duran Duran,The Reflex,1984,1,21
Duran Duran,Notorious,1986,2,17
Duran Duran,The Wild Boys,1984,2,18
Duran Duran,Hungry Like The Wolf,1982,3,23
Duran Duran,Ordinary World,1993,3,22
Duran Duran,Union Of The Snake,1983,3,17
Duran Duran,I Don't Want Your Love,1988,4,16
Duran Duran,Is There Something I Should Know,1983,4,17
Duran Duran,Come Undone,1993,7,25
Duran Duran,New Moon On Monday,1984,10,16
Duran Duran,Rio,1983,14,13
Duran Duran,Save A Prayer,1985,16,14
Duran Duran,All She Wants Is,1988,22,13
Duran Duran,Skin Trade,1987,39,9
Duran Duran,Too Much Information,1993,45,11
Duran Duran,Electric Barbarella,1997,52,9
Duran Duran,Violence Of Summer (Love's Taking Over),1990,64,7
Duran Duran,Meet El Presidente,1987,70,5
Duran Duran,Do You Believe In Shame?,1989,72,5
Duran Duran,(Reach Up For The) Sunrise,2004,89,5
Justin Timberlake,Can't Stop The Feeling!,2016,1,52
Justin Timberlake,My Love,2006,1,29
Justin Timberlake,SexyBack,2006,1,36
Justin Timberlake,What Goes Around...Comes Around,2006,1,25
Justin Timberlake,Mirrors,2013,2,42
Justin Timberlake,Cry Me A River,2002,3,20
Justin Timberlake,Suit & Tie,2013,3,26
Justin Timberlake,Rock Your Body,2003,5,22
Justin Timberlake,Summer Love,2007,6,20
Justin Timberlake,Not A Bad Thing,2014,8,22
Justin Timberlake,Filthy,2018,9,6
Justin Timberlake,Love Never Felt So Good,2014,9,20
Justin Timberlake,Say Something,2018,9,16
Justin Timberlake,Like I Love You,2002,11,20
Justin Timberlake,Hallelujah,2010,13,3
Justin Timberlake,LoveStoned,2007,17,20
Justin Timberlake,Until The End Of Time,2007,17,25
Justin Timberlake,Selfish,2024,19,13
Justin Timberlake,Senorita,2003,27,17
Justin Timberlake,Take Back The Night,2013,29,13
Justin Timberlake,TKO,2013,36,17
Justin Timberlake,The Other Side,2020,61,7
Justin Timberlake,Pusher Love Girl,2013,64,2
Justin Timberlake,Supplies,2018,71,2
Justin Timberlake,Man Of The Woods,2018,73,1
Justin Timberlake,Keep Going Up!,2023,84,1
Justin Timberlake,Sin Fin,2022,100,1
Commodores,Still,1979,1,20
Commodores,Three Times A Lady,1978,1,20
Commodores,Nightshift,1985,3,22
Commodores,Easy,1977,4,22
Commodores,Oh No,1981,4,20
Commodores,Sail On,1979,4,17
Commodores,Brick House,1977,5,16
Commodores,Sweet Love,1975,5,23
Commodores,Just To Be Close To You,1976,7,16
Commodores,Lady (You Bring Me Up),1981,8,22
Commodores,Slippery When Wet,1975,19,15
Commodores,Old-Fashion Love,1980,20,16
Commodores,Machine Gun,1974,22,13
Commodores,Too Hot Ta Trot,1977,24,12
Commodores,Wonderland,1979,25,15
Commodores,Flying High,1978,38,10
Commodores,Fancy Dancer,1977,39,9
Commodores,Animal Instinct,1985,43,9
Commodores,Heroes,1980,54,9
Commodores,Only You,1983,54,13
Commodores,Goin' To The Bank,1986,65,12
Commodores,Why You Wanna Try Me,1982,66,5
Commodores,Painted Picture,1982,70,6
Commodores,I Feel Sanctified,1974,75,8
Commodores,Janet,1985,87,4
Eagles,Best Of My Love,1974,1,19
Eagles,Heartache Tonight,1979,1,15
Eagles,Hotel California,1977,1,19
Eagles,New Kid In Town,1976,1,15
Eagles,One Of These Nights,1975,1,17
Eagles,Lyin' Eyes,1975,2,14
Eagles,Take It To The Limit,1975,4,23
Eagles,I Can't Tell You Why,1980,8,16
Eagles,The Long Run,1979,8,15
Eagles,Witchy Woman,1972,9,13
Eagles,Life In The Fast Lane,1977,11,14
Eagles,Take It Easy,1972,12,11
Eagles,Please Come Home For Christmas,1978,18,21
Eagles,Seven Bridges Road,1980,21,14
Eagles,Peaceful Easy Feeling,1972,22,12
Eagles,Get Over It,1994,31,14
Eagles,Already Gone,1974,32,15
Eagles,Outlaw Man,1973,59,8
Eagles,Tequila Sunrise,1973,64,8
Eagles,Hole In The World,2003,69,14
Eagles,James Dean,1974,77,5
TLC,Creep,1994,1,32
TLC,No Scrubs,1999,1,28
TLC,Unpretty,1999,1,32
TLC,Waterfalls,1995,1,34
TLC,Baby-Baby-Baby,1992,2,33
TLC,Red Light Special,1995,2,22
TLC,Diggin' On You,1995,5,20
TLC,Ain't 2 Proud 2 Beg,1992,6,22
TLC,What About Your Friends,1992,7,27
TLC,Girl Talk,2002,28,14
TLC,Hat 2 Da Back,1993,30,15
TLC,"Get It Up (From ""Poetic Justice"")",1993,42,17
TLC,Dear Lie,2000,51,7
TLC,Damaged,2003,53,4
TLC,Silly Ho,1999,59,9
Paul Anka,(You're) Having My Baby,1974,1,15
Paul Anka,Lonely Boy,1959,1,15
Paul Anka,Puppy Love,1960,2,14
Paul Anka,Put Your Head On My Shoulder,1959,2,18
Paul Anka,It's Time To Cry,1959,4,15
Paul Anka,One Man Woman/One Woman Man,1974,7,16
Paul Anka,Times Of Your Life,1975,7,20
Paul Anka,I Don't Like To Sleep Alone,1975,8,15
Paul Anka,My Home Town,1960,8,13
Paul Anka,Dance On Little Girl,1961,10,10
Paul Anka,Summer's Gone,1960,11,11
Paul Anka,Love Me Warm And Tender,1962,12,12
Paul Anka,A Steel Guitar And A Glass Of Wine,1962,13,10
Paul Anka,"Tonight My Love, Tonight",1961,13,11
Paul Anka,(All of a Sudden) My Heart Sings,1958,15,17
Paul Anka,(I Believe) There's Nothing Stronger Than Our Love,1975,15,13
Paul Anka,The Story Of My Love,1961,16,8
Paul Anka,Eso Beso (That Kiss!),1962,19,8
Paul Anka,Hello Young Lovers,1960,23,12
Paul Anka,Love (Makes the World Go 'round),1963,26,8
Paul Anka,Goodnight My Love,1969,27,10
Paul Anka,Anytime (i'll Be There),1976,33,9
Paul Anka,I Miss You So,1959,33,9
Paul Anka,Kissin' On The Phone,1961,35,7
Paul Anka,This Is Love,1978,35,11
Paul Anka,Remember Diana,1963,39,8
Paul Anka,Hold Me 'til The Mornin' Comes,1983,40,16
Paul Anka,I Love You In The Same Old Way,1960,40,11
Paul Anka,Something Happened,1960,41,9
Paul Anka,Every Night (Without You),1962,46,6
Paul Anka,I've Been Waiting For You All Of My Life,1981,48,9
Paul Anka,Do I Love You,1971,53,11
Paul Anka,Happier,1976,60,7
Paul Anka,In The Still Of The Night,1969,64,6
Paul Anka,Jubilation,1972,65,9
Paul Anka,Midnight,1958,69,4
Paul Anka,Cinderella,1961,70,4
Paul Anka,Everybody Ought To Be In Love,1977,75,4
Paul Anka,Just Young,1958,80,5
Paul Anka,Let Me Get To Know You,1974,80,8
Paul Anka,My Best Friend's Wife,1977,80,2
Paul Anka,Sincerely,1969,80,4
Paul Anka,Happy,1969,86,3
Paul Anka,Did You Have A Happy Birthday?,1963,89,3
Paul Anka,Adam And Eve,1960,90,2
Paul Anka,I'm Coming Home,1962,94,1
Paul Anka,Hello Jim,1963,97,1
Eminem,Crack A Bottle,2009,1,17
Eminem,Lose Yourself,2002,1,24
Eminem,Love The Way You Lie,2010,1,29
Eminem,Not Afraid,2010,1,25
Eminem,The Monster,2013,1,29
Eminem,Houdini,2024,2,20
Eminem,Without Me,2002,2,20
Eminem,Berzerk,2013,3,20
Eminem,Godzilla,2020,3,20
Eminem,Killshot,2018,3,8
Eminem,Cleanin' Out My Closet,2002,4,20
Eminem,The Real Slim Shady,2000,4,19
Eminem,Just Lose It,2004,6,19
Eminem,Lucky You,2018,6,14
Eminem,Shake That,2005,6,21
Eminem,Rap God,2013,7,20
Eminem,The Ringer,2018,8,4
Eminem,When I'm Gone,2005,8,17
Eminem,We Made You,2009,9,10
Eminem,Mockingbird,2005,11,20
Eminem,River,2018,11,13
Eminem,Fall,2018,12,4
Eminem,You Don't Know,2006,12,6
Eminem,Sing For The Moment,2003,14,18
Eminem,Walk On Water,2017,14,5
Eminem,Superman,2003,15,16
Eminem,Kamikaze,2018,16,3
Eminem,Survival,2013,16,14
Eminem,Beautiful,2009,17,6
Eminem,Habits,2024,19,2
Eminem,Renaissance,2024,20,2
Eminem,Fuel,2024,21,3
Eminem,Guts Over Fear,2014,22,3
Eminem,The Adventures Of Moon Man & Slim Shady,2020,22,1
Eminem,Greatest,2018,23,2
Eminem,No Love,2010,23,20
Eminem,Not Alike,2018,24,3
Eminem,Tobey,2024,24,5
Eminem,Brand New Dance,2024,25,2
Eminem,Encore,2004,25,15
Eminem,Old Time's Sake,2009,25,2
Eminem,Somebody Save Me,2024,27,3
Eminem,Darkness,2020,28,2
Eminem,Hell Breaks Loose,2010,29,1
Eminem,Evil,2024,30,1
Eminem,Those Kinda Nights,2020,31,2
Eminem,Trouble,2024,31,1
Eminem,3am,2009,32,1
Eminem,Like Toy Soldiers,2005,34,11
Eminem,My Name Is,1999,36,10
Eminem,Unaccommodating,2020,36,2
Eminem,Lucifer,2024,37,1
Eminem,Antichrist,2024,39,1
Eminem,Normal,2018,39,1
Eminem,Stepping Stone,2018,42,1
Eminem,Venom,2018,43,5
Eminem,Guilty Conscience 2,2024,45,1
Eminem,Headlights,2014,45,8
Eminem,Phenomenal,2015,47,1
Eminem,Stan,2000,51,15
Eminem,You Gon' Learn,2020,52,2
Eminem,Temporary,2024,56,1
Eminem,The Way I Am,2000,58,10
Eminem,Road Rage,2024,59,1
Eminem,Ass Like That,2005,60,7
Eminem,Gnat,2021,60,1
Eminem,Leaving Heaven,2020,61,1
Eminem,Killer,2021,62,1
Eminem,Won't Back Down,2010,62,1
Eminem,Nice Guy,2018,65,1
Eminem,Elevator,2010,67,1
Eminem,Good Guy,2018,67,1
Eminem,Premonition (Intro),2020,67,1
Eminem,Bad One,2024,69,1
Eminem,Cold Wind Blows,2010,71,1
Eminem,In Too Deep,2020,71,1
Eminem,From The D 2 The LBC,2022,72,1
Eminem,Head Honcho,2024,72,1
Eminem,Last One Standing,2021,78,1
Eminem,Kings Never Die,2015,80,2
Eminem,Music Box,2010,82,1
Eminem,Marsh,2020,83,1
Eminem,No Regrets,2020,84,1
Eminem,Insane,2009,85,1
Eminem,Lace It,2023,85,4
Eminem,Untouchable,2017,86,1
Eminem,Talkin' 2 Myself,2010,88,1
Eminem,Lock It Up,2020,89,1
Eminem,25 To Life,2010,92,1
Eminem,Stepdad,2020,93,1
Eminem,Infinite,2016,97,1
Eminem,Beautiful Pain,2013,99,1
Barry Manilow,I Write The Songs,1975,1,20
Barry Manilow,Looks Like We Made It,1977,1,19
Barry Manilow,Mandy,1974,1,16
Barry Manilow,Can't Smile Without You,1978,3,19
Barry Manilow,Could It Be Magic,1975,6,18
Barry Manilow,Copacabana (at The Copa),1978,8,16
Barry Manilow,Ships,1979,9,14
Barry Manilow,Somewhere In The Night,1978,9,15
Barry Manilow,I Made It Through The Rain,1980,10,16
Barry Manilow,Tryin' To Get The Feeling Again,1976,10,15
Barry Manilow,Weekend In New England,1976,10,19
Barry Manilow,Ready To Take A Chance Again,1978,11,16
Barry Manilow,It's A Miracle,1975,12,13
Barry Manilow,The Old Songs,1981,15,16
Barry Manilow,Read 'Em And Weep,1983,18,14
Barry Manilow,Even Now,1978,19,13
Barry Manilow,When I Wanted You,1979,20,16
Barry Manilow,Somewhere Down The Road,1981,21,15
Barry Manilow,Daybreak,1977,23,10
Barry Manilow,Some Kind Of Friend,1983,26,16
Barry Manilow,This One's For You,1976,29,10
Barry Manilow,Let's Hang On,1982,32,10
Barry Manilow,I Don't Want To Walk Without You,1980,36,11
Barry Manilow,Oh Julie,1982,38,11
Barry Manilow,Memory,1982,39,14
Barry Manilow,Lonely Together,1981,45,10
Barry Manilow,I'm Your Man,1986,86,5
Barry Manilow,Hey Mambo,1988,90,2
Dionne Warwick,(Theme From) Valley Of The Dolls,1968,2,13
Dionne Warwick,I Say A Little Prayer,1967,4,13
Dionne Warwick,I'll Never Love This Way Again,1979,5,24
Dionne Warwick,I'll Never Fall In Love Again,1969,6,11
Dionne Warwick,Walk On By,1964,6,13
Dionne Warwick,This Girl's In Love With You,1969,7,12
Dionne Warwick,Anyone Who Had A Heart,1963,8,14
Dionne Warwick,Message To Michael,1966,8,12
Dionne Warwick,Do You Know The Way To San José,1968,10,12
Dionne Warwick,Heartbreaker,1982,10,22
Dionne Warwick,Love Power,1987,12,14
Dionne Warwick,Alfie,1967,15,17
Dionne Warwick,Deja Vu,1979,15,19
Dionne Warwick,You've Lost That Lovin' Feeling,1969,16,10
Dionne Warwick,"Promises, Promises",1968,19,9
Dionne Warwick,Reach Out For Me,1964,20,8
Dionne Warwick,Don't Make Me Over,1962,21,12
Dionne Warwick,Trains And Boats And Planes,1966,22,7
Dionne Warwick,No Night So Long,1980,23,16
Dionne Warwick,I Just Don't Know What To Do With Myself,1966,26,8
Dionne Warwick,How Many Times Can We Say Goodbye,1983,27,13
Dionne Warwick,Let Me Go To Him,1970,32,7
Dionne Warwick,The Windows Of The World,1967,32,9
Dionne Warwick,Who Is Gonna Love Me?,1968,33,9
Dionne Warwick,You'll Never Get To Heaven (If You Break My Heart),1964,34,9
Dionne Warwick,Make It Easy On Yourself,1970,37,8
Dionne Warwick,The April Fools,1969,37,7
Dionne Warwick,Friends In Love,1982,38,13
Dionne Warwick,Are You There (With Another Girl),1965,39,10
Dionne Warwick,Take The Short Way Home,1983,41,13
Dionne Warwick,Odds And Ends,1969,43,8
Dionne Warwick,Paper Mache,1970,43,7
Dionne Warwick,The Green Grass Starts To Grow,1970,43,9
Dionne Warwick,Another Night,1966,49,6
Dionne Warwick,Who Gets The Guy,1971,57,5
Dionne Warwick,Easy Love,1980,62,10
Dionne Warwick,Who Can I Turn To,1965,62,6
Dionne Warwick,Looking With My Eyes,1965,64,8
Dionne Warwick,(There's) Always Something There To Remind Me,1968,65,5
Dionne Warwick,After You,1980,65,6
Dionne Warwick,Here I Am,1965,65,8
Dionne Warwick,Some Changes Are For Good,1981,65,6
Dionne Warwick,A House Is Not A Home,1964,71,6
Dionne Warwick,Let Me Be Lonely,1968,71,5
Dionne Warwick,Whisper In The Dark,1986,72,9
Dionne Warwick,You Can Have Him,1965,75,6
Dionne Warwick,Once You Hit The Road,1976,79,5
Dionne Warwick,The Beginning Of Loneliness,1967,79,3
Dionne Warwick,Make The Music Play,1963,81,4
Dionne Warwick,This Empty Place,1963,84,5
Dionne Warwick,What The World Needs Now Is Love,1998,87,2
Nelly,Dilemma,2002,1,29
Nelly,Grillz,2005,1,28
Nelly,Hot In Herre,2002,1,26
Nelly,Shake Ya Tailfeather,2003,1,30
Nelly,Air Force Ones,2002,3,20
Nelly,Just A Dream,2010,3,28
Nelly,Over And Over,2004,3,24
Nelly,Ride Wit Me,2001,3,29
Nelly,My Place,2004,4,20
Nelly,(Hot S**t) Country Grammar,2000,7,34
Nelly,E.I.,2000,15,20
Nelly,#1,2001,22,20
Nelly,Lil Bit,2021,23,23
Nelly,Errtime,2005,24,6
Nelly,Call On Me,2006,25,18
Nelly,Party People,2008,40,10
Nelly,Body On Me,2008,42,15
Nelly,Hey Porsche,2013,42,4
Nelly,Wadsyaname,2007,43,6
Nelly,Flap Your Wings,2004,52,11
Nelly,Move That Body,2010,54,1
Nelly,Pimp Juice,2003,58,7
Nelly,Tilt Ya Head Back,2004,58,6
Nelly,The Champ,2012,61,3
Nelly,The Fix,2015,62,20
Nelly,N Dey Say,2005,64,7
Nelly,Work It (Reinvention),2004,68,5
Nelly,Liv Tonight,2010,75,1
Nelly,Die A Happy Man,2016,83,1
Nelly,Stepped On My J'z,2008,90,1
Nelly,Warrior,2008,96,1
Heart,Alone,1987,1,21
Heart,These Dreams,1986,1,20
Heart,All I Wanna Do Is Make Love To You,1990,2,20
Heart,Never,1985,4,24
Heart,Who Will You Run To,1987,7,22
Heart,Tell It Like It Is,1980,8,16
Heart,Magic Man,1976,9,23
Heart,Nothin' At All,1986,10,16
Heart,What About Love?,1985,10,21
Heart,Barracuda,1977,11,20
Heart,There's The Girl,1987,12,19
Heart,Stranded,1990,13,22
Heart,Straight On,1978,15,18
Heart,I Didn't Want To Need You,1990,23,14
Heart,Heartless,1978,24,15
Heart,Even It Up,1980,33,12
Heart,This Man Is Mine,1982,33,13
Heart,Dog + Butterfly,1979,34,10
Heart,Crazy On You,1976,35,19
Heart,Will You Be There (In The Morning),1993,39,18
Heart,Dreamboat Annie,1976,42,10
Heart,How Can I Refuse,1983,44,11
Heart,I Want You So Bad,1988,49,9
Heart,If Looks Could Kill,1986,54,9
Heart,Little Queen,1977,62,6
Heart,Secret,1991,64,8
Heart,Kick It Out,1977,79,3
Heart,Allies,1983,83,4
Heart,Unchained Melody,1981,83,3
Post Malone,Circles,2019,1,61
Post Malone,I Had Some Help,2024,1,67
Post Malone,Psycho,2018,1,39
Post Malone,Rockstar,2017,1,41
Post Malone,Sunflower (Spider-Man: Into The Spider-Verse),2018,1,53
Post Malone,Wow.,2019,2,44
Post Malone,Better Now,2018,3,52
Post Malone,Goodbyes,2019,3,21
Post Malone,I Like You (A Happier Song),2022,3,36
Post Malone,One Right Now,2021,6,27
Post Malone,Congratulations,2016,8,50
Post Malone,I Ain't Coming Back,2025,8,3
Post Malone,Take What You Want,2019,8,20
Post Malone,Paranoid,2018,11,6
Post Malone,Cooped Up,2022,12,15
Post Malone,Pour Me A Drink,2024,12,20
Post Malone,Chemical,2023,13,20
Post Malone,Motley Crew,2021,13,9
Post Malone,Rich & Sad,2018,14,6
Post Malone,White Iverson,2015,14,30
Post Malone,Hollywood's Bleeding,2019,15,6
Post Malone,Spoil My Night,2018,15,5
Post Malone,Ball For Me,2018,16,14
Post Malone,Enemies,2019,16,18
Post Malone,I Fall Apart,2017,16,30
Post Malone,Levii's Jeans,2024,16,2
Post Malone,Guy For That,2024,17,27
Post Malone,Stay,2018,17,4
Post Malone,Saint-Tropez,2019,18,6
Post Malone,Die For Me,2019,20,5
Post Malone,Same Bitches,2018,20,3
Post Malone,On The Road,2019,22,4
Post Malone,Wrong Ones,2024,23,3
Post Malone,Zack And Codeine,2018,23,3
Post Malone,Over Now,2018,24,3
Post Malone,Losers,2024,25,5
Post Malone,A Thousand Bad Times,2019,29,3
Post Malone,Takin' Shots,2018,29,3
Post Malone,I'm Gonna Be,2019,33,2
Post Malone,California Sober,2024,34,3
Post Malone,Candy Paint,2017,34,21
Post Malone,Staring At The Sun,2019,34,2
Post Malone,Mourning,2023,36,13
Post Malone,Allergic,2019,37,2
Post Malone,92 Explorer,2018,40,3
Post Malone,What Don't Belong To Me,2024,40,2
Post Malone,Finer Things,2024,42,1
Post Malone,I Cannot Be (A Sadder Song),2022,46,1
Post Malone,Otherside,2018,46,2
Post Malone,Blame It On Me,2018,47,2
Post Malone,Overdrive,2023,47,3
Post Malone,Wrapped Around Your Finger,2022,47,2
Post Malone,Nosedive,2024,50,2
Post Malone,Myself,2019,52,1
Post Malone,I Know,2019,53,1
Post Malone,Lemon Tree,2022,53,1
Post Malone,Reputation,2022,54,1
Post Malone,Yours,2024,54,1
Post Malone,Enough Is Enough,2023,56,1
Post Malone,Have The Heart,2024,56,1
Post Malone,Wasting Angels,2022,56,1
Post Malone,Sugar Wraith,2018,57,1
Post Malone,Internet,2019,58,1
Post Malone,Goes Without Saying,2024,60,1
Post Malone,Insane,2022,62,1
Post Malone,Missin' You Like This,2024,63,1
Post Malone,Hide My Gun,2024,65,1
Post Malone,Tommy Lee,2020,65,2
Post Malone,Devil I've Been,2024,66,1
Post Malone,Something Real,2023,67,1
Post Malone,Love/Hate Letter To Alcohol,2022,70,1
Post Malone,Jonestown (Interlude),2018,73,1
Post Malone,Only Wanna Be With You,2021,74,1
Post Malone,Deja Vu,2016,75,2
Post Malone,Go Flex,2016,76,11
Post Malone,Never Love You Again,2024,78,1
Post Malone,Cold,2025,82,1
Post Malone,M-E-X-I-C-O,2024,83,1
Post Malone,Too Cool To Die,2023,87,1
Post Malone,Don't Understand,2023,88,1
Post Malone,Right About You,2024,88,1
Post Malone,Novacandy,2023,90,1
Post Malone,Life's A Mess II,2021,97,1
Post Malone,When I'm Alone,2022,97,1
Post Malone,Euthanasia,2022,100,1
Ariana Grande,7 Rings,2019,1,33
Ariana Grande,Die For You,2023,1,52
Ariana Grande,Hate That I Made You Love Me,2026,1,10
Ariana Grande,Positions,2020,1,29
Ariana Grande,Rain On Me,2020,1,20
Ariana Grande,Save Your Tears,2021,1,69
Ariana Grande,Stuck With U,2020,1,18
Ariana Grande,"Thank U, Next",2018,1,28
Ariana Grande,We Can't Be Friends (Wait For Your Love),2024,1,24
Ariana Grande,"Yes, And?",2024,1,13
Ariana Grande,34+35,2020,2,28
Ariana Grande,"Break Up With Your Girlfriend, I'm Bored",2019,2,20
Ariana Grande,Problem,2014,2,25
Ariana Grande,Bang Bang,2014,3,31
Ariana Grande,No Tears Left To Cry,2018,3,27
Ariana Grande,Break Free,2014,4,22
Ariana Grande,Petal,2026,4,1
Ariana Grande,Side To Side,2016,4,28
Ariana Grande,Santa Tell Me,2014,5,36
Ariana Grande,Focus,2015,7,13
Ariana Grande,Love Me Harder,2014,7,22
Ariana Grande,Boyfriend,2019,8,12
Ariana Grande,Dangerous Woman,2016,8,21
Ariana Grande,God Is A Woman,2018,8,22
Ariana Grande,The Way,2013,9,26
Ariana Grande,Breathin,2018,12,25
Ariana Grande,Don't Call Me Angel (Charlie's Angels),2019,13,7
Ariana Grande,Into You,2016,13,24
Ariana Grande,One Last Time,2015,13,20
Ariana Grande,Needy,2019,14,4
Ariana Grande,The Boy Is Mine,2024,16,20
Ariana Grande,NASA,2019,17,3
Ariana Grande,Supernatural,2024,17,3
Ariana Grande,Twilight Zone,2025,18,18
Ariana Grande,Baby I,2013,21,3
Ariana Grande,Imagine,2018,21,8
Ariana Grande,Kiss Me,2026,21,1
Ariana Grande,Bloodline,2019,22,3
Ariana Grande,Stay,2026,22,1
Ariana Grande,Eternal Sunshine,2024,23,3
Ariana Grande,Oh Well,2026,23,1
Ariana Grande,Like I Do,2026,24,1
Ariana Grande,Bye,2024,25,3
Ariana Grande,Ghostin,2019,25,2
Ariana Grande,Fake Smile,2019,26,2
Ariana Grande,Bad Idea,2019,27,3
Ariana Grande,Big Feelings,2026,27,1
Ariana Grande,pov,2020,27,20
Ariana Grande,Don't Wanna Break Up Again,2024,28,2
Ariana Grande,True Story,2024,30,2
Ariana Grande,"Santa, Can't You Hear Me",2022,31,8
Ariana Grande,Freak,2026,32,1
Ariana Grande,Motive,2020,32,2
Ariana Grande,Never Get Over Me,2026,33,1
Ariana Grande,Off The Table,2020,35,2
Ariana Grande,Bad Thing (Bunny Hop),2026,36,1
Ariana Grande,Imperfect For You,2024,37,2
Ariana Grande,Dandelion,2025,38,3
Ariana Grande,In My Head,2019,38,2
Ariana Grande,Intro (End Of The World),2024,38,4
Ariana Grande,Warning Signs (Interlude),2026,38,1
Ariana Grande,I Wish I Hated You,2024,39,2
Ariana Grande,"Nowhere, Nobody",2026,39,1
Ariana Grande,Be Alright,2016,43,1
Ariana Grande,For Good,2025,43,2
Ariana Grande,Just Like Magic,2020,43,2
Ariana Grande,Shut Up,2020,47,1
Ariana Grande,Make Up,2019,48,2
Ariana Grande,Best Mistake,2014,49,2
Ariana Grande,Nasty,2020,49,1
Ariana Grande,Safety Net,2020,52,1
Ariana Grande,Past Life,2025,53,1
Ariana Grande,Popular,2024,53,9
Ariana Grande,Warm,2025,54,1
Ariana Grande,Everyday,2017,55,7
Ariana Grande,Ordinary Things,2024,55,1
Ariana Grande,Sweetener,2018,55,1
Ariana Grande,Hampstead,2025,59,1
Ariana Grande,Test Drive,2021,61,1
Ariana Grande,Everytime,2018,62,1
Ariana Grande,What Is This Feeling?,2024,62,5
Ariana Grande,Six Thirty,2020,63,1
Ariana Grande,My Hair,2020,65,1
Ariana Grande,Monopoly,2019,69,2
Ariana Grande,Obvious,2020,70,1
Ariana Grande,West Side,2020,71,1
Ariana Grande,R.E.M,2018,72,1
Ariana Grande,Love Language,2020,75,1
Ariana Grande,Almost Is Never Enough,2013,82,2
Ariana Grande,Right There,2013,84,8
Ariana Grande,No One Mourns The Wicked,2024,86,2
Ariana Grande,Beauty And The Beast,2017,87,1
Ariana Grande,Goodnight N Go,2018,87,1
Ariana Grande,The Light Is Coming,2018,89,2
Ariana Grande,Last Christmas,2013,96,1
Ariana Grande,Let Me Love You,2016,99,1
Ariana Grande,Pete Davidson,2018,99,1
Ariana Grande,The Girl In The Bubble,2025,100,1
The Everly Brothers,Cathy's Clown,1960,1,17
The Everly Brothers,Bird Dog,1958,2,18
The Everly Brothers,Problems,1958,2,15
The Everly Brothers,('til) I Kissed You,1959,4,16
The Everly Brothers,Crying In The Rain,1962,6,13
The Everly Brothers,Let It Be Me,1960,7,15
The Everly Brothers,So Sad (To Watch Good Love Go Bad),1960,7,12
The Everly Brothers,Walk Right Back,1961,7,13
The Everly Brothers,Ebony Eyes,1961,8,12
The Everly Brothers,When Will I Be Loved,1960,8,13
The Everly Brothers,That's Old Fashioned (That's The Way Love Should Be),1962,9,11
The Everly Brothers,Devoted To You,1958,10,14
The Everly Brothers,Take A Message To Mary,1959,16,13
The Everly Brothers,Don't Blame Me,1961,20,8
The Everly Brothers,Lucille,1960,21,10
The Everly Brothers,Like Strangers,1960,22,10
The Everly Brothers,Poor Jenny,1959,22,12
The Everly Brothers,Temptation,1961,27,6
The Everly Brothers,"Gone, Gone, Gone",1964,31,10
The Everly Brothers,Bowling Green,1967,40,8
The Everly Brothers,Love Of My Life,1958,40,6
The Everly Brothers,Stick With Me Baby,1961,41,4
The Everly Brothers,Don't Ask Me To Be Friends,1962,48,7
The Everly Brothers,All I Have To Do Is Dream,1958,49,4
The Everly Brothers,On The Wings Of A Nightingale,1984,50,12
The Everly Brothers,Always It's You,1960,56,6
The Everly Brothers,The Ferris Wheel,1964,72,6
The Everly Brothers,Be Bop A-Lula,1960,74,5
The Everly Brothers,How Can I Meet Her?,1962,75,3
The Everly Brothers,I'm Here To Get My Baby Out Of Jail,1962,76,6
The Everly Brothers,Muskrat,1961,82,4
Kanye West,Gold Digger,2005,1,39
Kanye West,Stronger,2007,1,27
Kanye West,Heartless,2008,2,30
Kanye West,Run This Town,2009,2,23
Kanye West,Love Lockdown,2008,3,23
Kanye West,FourFiveSeconds,2015,4,20
Kanye West,Hurricane,2021,6,11
Kanye West,I Love It,2018,6,12
Kanye West,All Falls Down,2004,7,20
Kanye West,Follow God,2019,7,6
Kanye West,Good Life,2007,7,21
Kanye West,Yikes,2018,8,5
Kanye West,Jail,2021,10,3
Kanye West,All Mine,2018,11,9
Kanye West,Jesus Walks,2004,11,25
Kanye West,Off The Grid,2021,11,4
Kanye West,Bound 2,2013,12,6
Kanye West,Clique,2012,12,22
Kanye West,Ok Ok,2021,12,2
Kanye West,Runaway,2010,12,13
Kanye West,Hot Shit,2022,13,12
Kanye West,Mercy,2012,13,32
Kanye West,All Day,2015,15,15
Kanye West,Through The Wire,2003,15,21
Kanye West,Ghost Town,2018,16,2
Kanye West,Junya,2021,16,2
Kanye West,Closed On Sunday,2019,17,2
Kanye West,Moon,2021,17,5
Kanye West,All Of The Lights,2010,18,25
Kanye West,Gone,2013,18,1
Kanye West,Monster,2010,18,10
Kanye West,Selah,2019,19,2
Kanye West,Praise God,2021,20,7
Kanye West,Father,2026,21,7
Kanye West,See You In My Nightmares,2008,21,4
Kanye West,POWER,2010,22,16
Kanye West,True Love,2022,22,3
Kanye West,On God,2019,23,2
Kanye West,Wouldn't Leave,2018,24,2
Kanye West,Heard 'Em Say,2005,26,16
Kanye West,Jesus Lord,2021,26,2
Kanye West,All The Love,2026,27,3
Kanye West,Jonah,2021,27,2
Kanye West,Violent Crimes,2018,27,2
Kanye West,Believe What I Say,2021,28,2
Kanye West,I Thought About Killing You,2018,28,1
Kanye West,Flashing Lights,2007,29,20
Kanye West,God Breathed,2021,30,1
Kanye West,Everything We Need,2019,33,1
Kanye West,Famous,2016,34,14
Kanye West,Only One,2015,35,8
Kanye West,God Is,2019,36,1
Kanye West,No Mistakes,2018,36,1
Kanye West,Father Stretch My Hands Pt. 1,2016,37,23
Kanye West,Use This Gospel,2019,37,1
Kanye West,King,2026,40,2
Kanye West,Remote Control,2021,40,2
Kanye West,Can't Tell Me Nothing,2007,41,19
Kanye West,Heaven And Hell,2021,42,1
Kanye West,Touch The Sky,2006,42,9
Kanye West,24,2021,43,1
Kanye West,Diamonds From Sierra Leone,2005,43,19
Kanye West,Punch Drunk,2026,44,2
Kanye West,Every Hour,2019,45,1
Kanye West,City Of Gods,2022,46,10
Kanye West,Fade,2016,47,13
Kanye West,Eazy,2022,49,3
Kanye West,Wash Us In The Blood,2020,49,2
Kanye West,Whatever Works,2026,49,2
Kanye West,This A Must,2026,51,2
Kanye West,Water,2019,51,1
Kanye West,Pure Souls,2021,52,1
Kanye West,No Child Left Behind,2021,53,1
Kanye West,Pt. 2,2016,54,3
Kanye West,New Slaves,2013,56,2
Kanye West,Preacher Man,2026,57,1
Kanye West,Donda,2021,58,1
Kanye West,Keep My Spirit Alive,2021,59,1
Kanye West,Mama's Favorite,2026,59,1
Kanye West,Dark Fantasy,2010,60,1
Kanye West,Hands On,2019,60,1
Kanye West,Bully,2026,61,1
Kanye West,Highs And Lows,2026,62,1
Kanye West,Jail Pt 2,2021,63,1
Kanye West,Jesus Is Lord,2019,63,1
Kanye West,Sisters And Brothers,2026,67,1
Kanye West,Ultralight Beam,2016,67,2
Kanye West,New Again,2021,68,1
Kanye West,Black Skinhead,2013,69,4
Kanye West,Homecoming,2008,69,7
Kanye West,Lord I Need You,2021,70,1
Kanye West,To The World,2012,70,2
Kanye West,Champions,2016,71,3
Kanye West,Waves,2016,71,2
Kanye West,I Can't Wait,2026,72,1
Kanye West,Come To Life,2021,77,1
Kanye West,Amazing,2008,81,5
Kanye West,Last Breath,2026,81,1
Kanye West,White Lines,2026,82,1
Kanye West,FML,2016,84,1
Kanye West,Beauty And The Beast,2026,85,1
Kanye West,Ye vs The People,2018,85,1
Kanye West,Way Too Cold,2012,86,1
Kanye West,Circles,2026,87,1
Kanye West,Blood On The Leaves,2013,89,2
Kanye West,Tell The Vision,2021,90,1
Kanye West,Real Friends,2016,92,1
Kanye West,Feedback,2016,99,1
Bobby Darin,Mack The Knife,1959,1,26
Bobby Darin,Dream Lover,1959,2,17
Bobby Darin,Splish Splash,1958,3,8
Bobby Darin,Things,1962,3,12
Bobby Darin,You're The Reason I'm Living,1963,3,14
Bobby Darin,You Must Have Been A Beautiful Baby,1961,5,11
Bobby Darin,Beyond The Sea,1960,6,14
Bobby Darin,If I Were A Carpenter,1966,8,11
Bobby Darin,Queen Of The Hop,1958,9,19
Bobby Darin,18 Yellow Roses,1963,10,10
Bobby Darin,Lazy River,1961,14,10
Bobby Darin,Irresistible You,1961,15,13
Bobby Darin,Won't You Come Home Bill Bailey,1960,19,11
Bobby Darin,Artificial Flowers,1960,20,12
Bobby Darin,Clementine,1960,21,9
Bobby Darin,What'd I Say (Part 1),1962,24,8
Bobby Darin,Multiplication,1961,30,10
Bobby Darin,If A Man Answers,1962,32,8
Bobby Darin,Lovin' You,1967,32,8
Bobby Darin,Plain Jane,1959,38,9
Bobby Darin,Nature Boy,1961,40,6
Bobby Darin,Baby Face,1962,42,7
Bobby Darin,Treat My Baby Good,1963,43,9
Bobby Darin,Milord,1964,45,9
Bobby Darin,Somebody To Love,1960,45,9
Bobby Darin,Christmas Auld Lang Syne,1960,51,3
Bobby Darin,Mame,1966,53,7
Bobby Darin,The Lady Came From Baltimore,1967,62,5
Bobby Darin,Be Mad Little Girl,1963,64,7
Bobby Darin,The Girl That Stood Beside Me,1966,66,5
Bobby Darin,Happy,1973,67,8
Bobby Darin,"Hello, Dolly!",1965,79,3
Bobby Darin,I'll Be There,1960,79,2
Bobby Darin,Long Line Rider,1969,79,3
Bobby Darin,The Things In This House,1964,86,3
Bobby Darin,I Found A New Baby,1962,90,1
Bobby Darin,Darling Be Home Soon,1967,93,2
Bobby Darin,I Wonder Who's Kissing Her Now,1964,93,3
Bobby Darin,Child Of God,1960,95,1
Bobby Darin,Beachcomber,1960,100,1
R. Kelly,Bump N' Grind,1994,1,25
R. Kelly,I'm Your Angel,1998,1,18
R. Kelly,"I Believe I Can Fly (From ""Space Jam"")",1996,2,34
R. Kelly,Ignition,2002,2,42
R. Kelly,Down Low (Nobody Has To Know),1996,4,20
R. Kelly,You Remind Me Of Something,1995,4,20
R. Kelly,I Can't Sleep Baby (If I),1996,5,20
R. Kelly,Fiesta,2001,6,21
R. Kelly,Gotham City,1997,9,20
R. Kelly,Step In The Name Of Love,2003,9,27
R. Kelly,If I Could Turn Back The Hands Of Time,1999,12,17
R. Kelly,Thoia Thoing,2003,13,20
R. Kelly,Your Body's Callin',1994,13,20
R. Kelly,I Wish,2000,14,22
R. Kelly,Snake,2003,16,17
R. Kelly,Happy People,2004,19,20
R. Kelly,Same Girl,2007,20,20
R. Kelly,Sex Me (Parts I & II),1993,20,19
R. Kelly,Trapped In The Closet,2005,22,16
R. Kelly,When A Woman's Fed Up,1998,22,20
R. Kelly,Did You Ever Think,1999,27,16
R. Kelly,Dedicated,1993,31,20
R. Kelly,The World's Greatest,2001,34,18
R. Kelly,Feelin' On Yo Booty,2001,36,19
R. Kelly,Big Chips,2004,39,9
R. Kelly,Honey Love,1992,39,19
R. Kelly,Slow Dance (Hey Mr. DJ),1992,43,19
R. Kelly,U Saved Me,2004,52,16
R. Kelly,Summer Bunnies,1994,55,7
R. Kelly,Number One,2009,59,11
R. Kelly,She's Got That Vibe,1992,59,12
R. Kelly,Home Alone,1998,65,16
R. Kelly,Playa's Only,2005,65,7
R. Kelly,To The World,2012,70,2
R. Kelly,Soldier's Heart,2003,80,3
R. Kelly,Take You Home With Me a.k.a. Body,2002,81,8
R. Kelly,My Story,2013,89,1
R. Kelly,In The Kitchen,2005,91,5
R. Kelly,When A Woman Loves,2011,93,1
James Brown,I Got You (I Feel Good),1965,3,12
James Brown,Living In America,1985,4,19
James Brown,I Got The Feelin',1968,6,12
James Brown,Cold Sweat - Part 1,1967,7,12
James Brown,It's A Man's Man's Man's World,1966,8,9
James Brown,Papa's Got A Brand New Bag (Part I),1965,8,13
James Brown,Say It Loud - I'm Black And I'm Proud (Part 1),1968,10,11
James Brown,Mother Popcorn (You Got To Have A Mother For Me) Part 1,1969,11,12
James Brown,Super Bad (Part 1 & Part 2),1970,13,10
James Brown,Licking Stick - Licking Stick (Part 1),1968,14,8
James Brown,Get Up (I Feel Like Being Like A) Sex Machine (Part 1),1970,15,9
James Brown,Give It Up Or Turnit A Loose,1969,15,9
James Brown,Hot Pants (She Got To Use What She Got To Get What She Wants) (Pt. 1),1971,15,11
James Brown,Get On The Good Foot-Part 1,1972,18,14
James Brown,Prisoner Of Love,1963,18,11
James Brown,"I Don't Want Nobody To Give Me Nothing (Open Up The Door, I'll Get It Mysel",1969,20,8
James Brown,Let A Man Come In And Do The Popcorn (Part One),1969,21,8
James Brown,Make It Funky (Part 1),1971,22,9
James Brown,Oh Baby Don't You Weep (Part 1),1964,23,10
James Brown,Ain't It Funky Now (Part 1),1969,24,11
James Brown,Out Of Sight,1964,24,10
James Brown,The Payback - Part I,1974,26,13
James Brown,I Got Ants In My Pants (and i want to dance) (Part 1),1973,27,8
James Brown,Talking Loud And Saying Nothing - Part I,1972,27,7
James Brown,I Can't Stand Myself (When You Touch Me),1967,28,9
James Brown,Bring It Up,1967,29,8
James Brown,My Thang,1974,29,13
James Brown,Soul Power (Pt. 1),1971,29,9
James Brown,The Popcorn,1969,30,9
James Brown,Goodbye My Love,1968,31,7
James Brown,Papa Don't Take No Mess (Part I),1974,31,11
James Brown,Brother Rapp (Part 1),1970,32,8
James Brown,It's A New Day (Part 1) & (Part 2),1970,32,8
James Brown,Think,1960,33,8
James Brown,"Get Up, Get Into It, Get Involved (Pt. 1)",1971,34,8
James Brown,Escape-ism (Part 1),1971,35,6
James Brown,I'm A Greedy Man - Part I,1971,35,8
James Brown,Night Train,1962,35,11
James Brown,There Was A Time,1968,36,8
James Brown,World (Part 1),1969,37,7
James Brown,Bewildered,1961,40,8
James Brown,Get It Together (Part 1),1967,40,6
James Brown,King Heroin,1972,40,7
James Brown,Let A Man Come In And Do The Popcorn (Part Two),1969,40,8
James Brown,Lowdown Popcorn,1969,41,6
James Brown,Ain't That A Groove (Part 1),1966,42,7
James Brown,There It Is (Part 1),1972,43,7
James Brown,Funky President (People It's Bad)/Coldblooded,1974,44,10
James Brown,I Got A Bag Of My Own,1972,44,7
James Brown,Get Up Offa That Thing,1976,45,7
James Brown,Let Yourself Go,1967,46,7
James Brown,I Don't Mind,1961,47,8
James Brown,Lost Someone,1961,48,12
James Brown,Try Me,1958,48,13
James Brown,"Baby, You're Right",1961,49,4
James Brown,Don't Be A Drop-Out,1966,50,7
James Brown,Down And Out In New York City,1973,50,7
James Brown,I Cried,1971,50,6
James Brown,"Sexy, Sexy, Sexy",1973,50,8
James Brown,Funky Drummer (Part 1),1970,51,5
James Brown,America Is My Home - Pt. 1,1968,52,7
James Brown,Money Won't Change You (Part 1),1966,53,9
James Brown,"I Guess I'll Have To Cry, Cry, Cry",1968,55,6
James Brown,Kansas City,1967,55,5
James Brown,These Foolish Things,1963,55,6
James Brown,Stoned To The Bone - Part 1,1973,58,11
James Brown,Sex Machine (Part I),1975,61,5
James Brown,Shout And Shimmy,1962,61,4
James Brown,My Part/Make It Funky (Part 3),1971,68,6
James Brown,The Bells,1960,68,6
James Brown,I'll Go Crazy,1966,73,2
James Brown,"Signed, Sealed, And Delivered",1963,77,5
James Brown,This Old Heart,1960,79,5
James Brown,Reality,1975,80,4
James Brown,Mashed Potatoes U.S.A.,1962,82,2
James Brown,Tit For Tat (Ain't No Taking Back),1968,86,4
James Brown,You've Got The Power,1960,86,1
James Brown,Bodyheat (Part 1),1977,88,3
James Brown,Spinning Wheel (Pt. 1),1971,90,2
James Brown,Have Mercy Baby,1964,92,2
James Brown,Gravity,1986,93,2
James Brown,Three Hearts In A Tangle,1962,93,3
James Brown,Caldonia,1964,95,2
James Brown,"Please, Please, Please",1964,95,2
James Brown,Every Beat Of My Heart,1963,99,1
James Brown,The Things That I Used To Do,1964,99,1
Paula Abdul,Cold Hearted,1989,1,21
Paula Abdul,Forever Your Girl,1989,1,22
Paula Abdul,Rush Rush,1991,1,19
Paula Abdul,Straight Up,1988,1,25
Paula Abdul,The Promise Of A New Day,1991,1,16
Paula Abdul,(It's Just) The Way That You Love Me,1988,3,25
Paula Abdul,Blowing Kisses In The Wind,1991,6,20
Paula Abdul,Vibeology,1992,16,14
Paula Abdul,Will You Marry Me?,1992,19,13
Paula Abdul,My Love Is For Real,1995,28,13
Paula Abdul,Knocked Out,1988,41,13
Paula Abdul,Crazy Cool,1995,58,9
Paula Abdul,Dance Like There's No Tomorrow,2008,62,6
Paula Abdul,I'm Just Here For The Music,2009,87,2
Kelly Clarkson,A Moment Like This,2002,1,20
Kelly Clarkson,My Life Would Suck Without You,2009,1,24
Kelly Clarkson,Stronger (What Doesn't Kill You),2011,1,37
Kelly Clarkson,Since U Been Gone,2004,2,46
Kelly Clarkson,Behind These Hazel Eyes,2005,6,34
Kelly Clarkson,Breakaway,2004,6,46
Kelly Clarkson,Because Of You,2005,7,37
Kelly Clarkson,Underneath The Tree,2013,7,39
Kelly Clarkson,Never Again,2007,8,16
Kelly Clarkson,Piece By Piece,2016,8,15
Kelly Clarkson,Miss Independent,2003,9,20
Kelly Clarkson,Mr. Know It All,2011,10,23
Kelly Clarkson,Walk Away,2006,12,29
Kelly Clarkson,Already Gone,2009,13,31
Kelly Clarkson,Catch My Breath,2012,19,24
Kelly Clarkson,I Do Not Hook Up,2009,20,18
Kelly Clarkson,Heartbeat Song,2015,21,20
Kelly Clarkson,"Santa, Can't You Hear Me",2022,31,8
Kelly Clarkson,Dark Side,2012,42,15
Kelly Clarkson,Love So Soft,2017,47,13
Kelly Clarkson,Up To The Mountain,2007,56,2
Kelly Clarkson,Low,2003,58,11
Kelly Clarkson,Under The Mistletoe,2020,59,3
Kelly Clarkson,People Like Us,2013,65,10
Kelly Clarkson,Christmas Isn't Canceled (Just You),2022,79,2
Kelly Clarkson,I Dare You,2020,86,1
Kelly Clarkson,Don't Rush,2012,87,3
Kelly Clarkson,I'll Be Home For Christmas,2011,93,1
Kelly Clarkson,All I Ever Wanted,2010,96,6
Alicia Keys,Empire State Of Mind,2009,1,30
Alicia Keys,Fallin',2001,1,34
Alicia Keys,My Boo,2004,1,26
Alicia Keys,No One,2007,1,39
Alicia Keys,You Don't Know My Name,2003,3,20
Alicia Keys,If I Ain't Got You,2004,4,40
Alicia Keys,A Woman's Worth,2001,7,20
Alicia Keys,Diary,2004,8,28
Alicia Keys,Girl On Fire,2012,11,30
Alicia Keys,Like You'll Never See Me Again,2007,12,24
Alicia Keys,Karma,2004,20,29
Alicia Keys,Un-Thinkable (I'm Ready),2010,21,20
Alicia Keys,Try Sleeping With A Broken Heart,2009,27,20
Alicia Keys,Unbreakable,2005,34,19
Alicia Keys,City Of Gods,2022,46,10
Alicia Keys,Teenage Love Affair,2008,54,16
Alicia Keys,Empire State Of Mind (Part II) Broken Down,2010,55,1
Alicia Keys,How Come You Don't Call Me,2002,59,9
Alicia Keys,Doesn't Mean Anything,2009,60,10
Alicia Keys,Underdog,2020,69,5
Alicia Keys,Another Way to Die,2008,81,2
Alicia Keys,Superwoman,2008,82,7
Alicia Keys,Show Me Love,2019,90,1
Ed Sheeran,Perfect,2017,1,57
Ed Sheeran,Shape Of You,2017,1,59
Ed Sheeran,Bad Habits,2021,2,56
Ed Sheeran,I Don't Care,2019,2,39
Ed Sheeran,Thinking Out Loud,2014,2,58
Ed Sheeran,Shivers,2021,4,52
Ed Sheeran,Castle On The Hill,2017,6,33
Ed Sheeran,Don't,2014,9,36
Ed Sheeran,Photograph,2015,10,30
Ed Sheeran,Beautiful People,2019,13,26
Ed Sheeran,Sing,2014,13,20
Ed Sheeran,The A Team,2012,16,33
Ed Sheeran,Eyes Closed,2023,19,20
Ed Sheeran,The Joker And The Queen,2022,21,3
Ed Sheeran,Cross Me,2019,25,10
Ed Sheeran,Azizam,2025,28,14
Ed Sheeran,Afterglow,2021,29,10
Ed Sheeran,Make It Rain,2014,34,2
Ed Sheeran,Afire Love,2014,37,1
Ed Sheeran,Antisocial,2019,37,4
Ed Sheeran,Merry Christmas,2021,37,12
Ed Sheeran,How Would You Feel (Paean),2017,41,2
Ed Sheeran,Overpass Graffiti,2021,41,2
Ed Sheeran,Lego House,2013,42,16
Ed Sheeran,2step,2022,48,15
Ed Sheeran,Dive,2017,49,2
Ed Sheeran,South Of The Border,2019,49,12
Ed Sheeran,Galway Girl,2017,53,5
Ed Sheeran,Peru,2022,53,15
Ed Sheeran,Remember The Name,2019,57,1
Ed Sheeran,Camera,2025,58,18
Ed Sheeran,Happier,2017,59,2
Ed Sheeran,BLOW,2019,60,2
Ed Sheeran,Life Goes On,2023,66,2
Ed Sheeran,I Only Miss You,2026,67,1
Ed Sheeran,New Man,2017,72,1
Ed Sheeran,Sapphire,2025,74,3
Ed Sheeran,Supermarket Flowers,2017,75,1
Ed Sheeran,Visiting Hours,2021,75,1
Ed Sheeran,What Do I Know?,2017,83,1
Ed Sheeran,One,2014,87,1
Ed Sheeran,Old Phone,2025,89,1
Ed Sheeran,Sigue,2022,89,1
Ed Sheeran,Eraser,2017,90,1
Ed Sheeran,Hearts Don't Break Around Here,2017,93,1
Ed Sheeran,Barcelona,2017,96,1
Ed Sheeran,Are You Entertained,2022,97,1
Ed Sheeran,Curtains,2023,97,1
Ed Sheeran,Best Part Of Me,2019,99,1
Linda Ronstadt,You're No Good,1974,1,16
Linda Ronstadt,"Somewhere Out There (From ""An American Tail"")",1986,2,22
Linda Ronstadt,When Will I Be Loved,1975,2,15
Linda Ronstadt,Blue Bayou,1977,3,23
Linda Ronstadt,Heat Wave/love Is A Rose,1975,5,13
Linda Ronstadt,It's So Easy,1977,5,18
Linda Ronstadt,Ooh Baby Baby,1978,7,16
Linda Ronstadt,Hurt So Bad,1980,8,14
Linda Ronstadt,How Do I Make You,1980,10,16
Linda Ronstadt,That'll Be The Day,1976,11,16
Linda Ronstadt,Back In The U.s.a.,1978,16,13
Linda Ronstadt,Long Long Time,1970,25,12
Linda Ronstadt,Tracks Of My Tears,1975,25,13
Linda Ronstadt,Get Closer,1982,29,12
Linda Ronstadt,I Can't Let Go,1980,31,12
Linda Ronstadt,Poor Poor Pitiful Me,1978,31,9
Linda Ronstadt,Tumbling Dice,1978,32,8
Linda Ronstadt,I Knew You When,1982,37,12
Linda Ronstadt,Someone To Lay Down Beside Me,1976,42,11
Linda Ronstadt,Just One Look,1979,44,8
Linda Ronstadt,It Doesn't Matter Anymore/When Will I Be Loved,1975,47,4
Linda Ronstadt,Love Has No Pride,1973,51,11
Linda Ronstadt,What's New,1983,53,14
Linda Ronstadt,Easy For You To Say,1983,54,10
Linda Ronstadt,Love Is A Rose,1975,63,2
Linda Ronstadt,Silver Threads And Golden Needles,1974,67,7
Linda Ronstadt,(She's A) Very Lovely Woman/The Long Way Around,1971,70,5
Linda Ronstadt,Lose Again,1977,76,5
Linda Ronstadt,Rock Me On The Water,1972,85,3
Linda Ronstadt,Up To My Neck In High Muddy Water,1968,93,2
Richard Marx,Hold On To The Nights,1988,1,21
Richard Marx,Right Here Waiting,1989,1,21
Richard Marx,Satisfied,1989,1,15
Richard Marx,Endless Summer Nights,1988,2,21
Richard Marx,Don't Mean Nothing,1987,3,21
Richard Marx,Should've Known Better,1987,3,21
Richard Marx,Angelia,1989,4,17
Richard Marx,Now And Forever,1994,7,27
Richard Marx,Hazard,1992,9,20
Richard Marx,Keep Coming Back,1991,12,20
Richard Marx,Too Late To Say Goodbye,1990,12,13
Richard Marx,Children Of The Night,1990,13,15
Richard Marx,Take This Heart,1992,20,20
Richard Marx,The Way She Loves Me,1994,20,19
Richard Marx,Until I Find You Again,1997,42,20
Richard Marx,Chains Around My Heart,1992,44,13
Richard Marx,At The Beginning,1997,45,20
Destiny's Child,"Bills, Bills, Bills",1999,1,20
Destiny's Child,Bootylicious,2001,1,19
Destiny's Child,Independent Women Part I,2000,1,28
Destiny's Child,Say My Name,1999,1,32
Destiny's Child,Survivor,2001,2,20
Destiny's Child,"Jumpin', Jumpin'",2000,3,32
Destiny's Child,Lose My Breath,2004,3,23
Destiny's Child,"No, No, No",1997,3,35
Destiny's Child,Soldier,2004,3,21
Destiny's Child,Emotion,2001,10,20
Destiny's Child,Cater 2 U,2005,14,24
Destiny's Child,Girl,2005,23,19
Destiny's Child,Bug A Boo,1999,33,20
Celine Dion,"Because You Loved Me (From ""Up Close & Personal"")",1996,1,33
Celine Dion,I'm Your Angel,1998,1,18
Celine Dion,My Heart Will Go On,1998,1,20
Celine Dion,The Power Of Love,1993,1,33
Celine Dion,It's All Coming Back To Me Now,1996,2,30
Celine Dion,All By Myself,1997,4,20
Celine Dion,If You Asked Me To,1992,4,22
Celine Dion,Where Does My Heart Beat Now,1990,4,24
Celine Dion,That's The Way It Is,1999,6,28
Celine Dion,Beauty And The Beast,1992,9,20
Celine Dion,A New Day Has Come,2002,22,20
Celine Dion,Misled,1994,23,19
Celine Dion,"When I Fall In Love (From ""Sleepless In Seattle"")",1993,23,20
Celine Dion,Nothing Broken But My Heart,1992,29,20
Celine Dion,(If There Was) Any Other Way,1991,35,12
Celine Dion,Love Can Move Mountains,1992,36,17
Celine Dion,I Drove All Night,2003,45,13
Celine Dion,Taking Chances,2007,54,7
Celine Dion,The Prayer (Live),2008,70,1
Celine Dion,Only One Road,1995,93,3
Celine Dion,Think Twice,1994,95,5
JAY-Z,Empire State Of Mind,2009,1,30
JAY-Z,Run This Town,2009,2,23
JAY-Z,'03 Bonnie & Clyde,2002,4,23
JAY-Z,Holy Grail,2013,4,27
JAY-Z,Dirt Off Your Shoulder,2004,5,26
JAY-Z,Swagga Like Us,2008,5,20
JAY-Z,Excuse Me Miss,2003,8,19
JAY-Z,Izzo (H.O.V.A.),2001,8,20
JAY-Z,Show Me What You Got,2006,8,15
JAY-Z,Change Clothes,2003,10,18
JAY-Z,Young Forever,2009,10,25
JAY-Z,I Just Wanna Love U (Give It 2 Me),2000,11,21
JAY-Z,Clique,2012,12,22
JAY-Z,Hard Knock Life (Ghetto Anthem),1998,15,22
JAY-Z,Stranded (Haiti Mon Amour),2010,16,2
JAY-Z,"Girls, Girls, Girls",2001,17,17
JAY-Z,Big Pimpin',2000,18,20
JAY-Z,Can I Get A...,1998,19,37
JAY-Z,Numb/Encore,2004,20,20
JAY-Z,The Story Of O.J.,2017,23,3
JAY-Z,D.O.A. (Death Of Auto-Tune),2009,24,7
JAY-Z,All The Way Up,2016,27,20
JAY-Z,Jigga My N****,1999,28,20
JAY-Z,99 Problems,2004,30,12
JAY-Z,4:44,2017,35,2
JAY-Z,On To The Next One,2010,37,14
JAY-Z,Big Chips,2004,39,9
JAY-Z,Tom Ford,2013,39,20
JAY-Z,Bam,2017,47,1
JAY-Z,Ain't No Nigga/Dead Presidents,1996,50,20
JAY-Z,Family Feud,2017,51,1
JAY-Z,What It Feels Like,2021,51,1
JAY-Z,Girls' Best Friend,1999,52,13
JAY-Z,The City Is Mine,1998,52,20
JAY-Z,Anything,2000,55,8
JAY-Z,Blue Magic,2007,55,5
JAY-Z,Kill Jay Z,2017,55,1
JAY-Z,Smile,2017,56,1
JAY-Z,Lost One,2006,58,8
JAY-Z,Caught Their Eyes,2017,63,1
JAY-Z,Roc Boys (And The Winner Is)...,2007,63,7
JAY-Z,F*ckwithmeyouknowigotit,2013,64,9
JAY-Z,Do It Again (Put Ya Hands Up),2000,65,9
JAY-Z,Jigga,2002,66,9
JAY-Z,Can't Knock The Hustle,1996,73,14
JAY-Z,Hey Papi,2000,76,15
JAY-Z,Part II (On The Run),2013,77,16
JAY-Z,Feelin' It,1997,79,9
JAY-Z,Take You Home With Me a.k.a. Body,2002,81,8
JAY-Z,Guilty Until Proven Innocent,2001,82,8
JAY-Z,Oceans,2013,83,1
JAY-Z,Jigga What...,1999,84,3
JAY-Z,"Who You Wit (From ""Sprung"")",1997,84,4
JAY-Z,Change The Game,2001,86,14
JAY-Z,Moonlight,2017,86,1
JAY-Z,Marcy Me,2017,90,1
JAY-Z,Mood 4 Eva,2019,90,1
JAY-Z,Picasso Baby,2013,91,1
JAY-Z,Sunshine,1997,95,2
JAY-Z,Kingdom Come,2006,98,1
JAY-Z,Crown,2013,100,1
The Miracles,Love Machine (Part 1),1975,1,28
The Miracles,The Tears Of A Clown,1970,1,16
The Miracles,Shop Around,1960,2,16
The Miracles,I Second That Emotion,1967,4,15
The Miracles,"Baby, Baby Don't Cry",1969,8,14
The Miracles,Mickey's Monkey,1963,8,12
The Miracles,You've Really Got A Hold On Me,1962,8,16
The Miracles,Going To A Go-Go,1965,11,12
The Miracles,If You Can Want,1968,11,12
The Miracles,Do It Baby,1974,13,15
The Miracles,My Girl Has Gone,1965,14,10
The Miracles,Ooo Baby Baby,1965,16,11
The Miracles,The Tracks Of My Tears,1965,16,12
The Miracles,(Come 'round Here) I'm The One You Need,1966,17,9
The Miracles,I Don't Blame You At All,1971,18,12
The Miracles,The Love I Saw In You Was Just A Mirage,1967,20,10
The Miracles,More Love,1967,23,11
The Miracles,Special Occasion,1968,26,9
The Miracles,I Like It Like That,1964,27,9
The Miracles,A Love She Can Count On,1963,31,9
The Miracles,Yester Love,1968,31,8
The Miracles,Doggone Right,1969,32,8
The Miracles,"Abraham, Martin And John",1969,33,6
The Miracles,I Gotta Dance To Keep From Crying,1963,35,10
The Miracles,That's What Love Is Made Of,1964,35,6
The Miracles,What's So Good About Good-by,1962,35,10
The Miracles,Here I Go Again,1969,37,9
The Miracles,Point It Out,1969,37,8
The Miracles,I'll Try Something New,1962,39,10
The Miracles,I Can't Stand To See You Cry,1972,45,8
The Miracles,We've Come Too Far To End It Now,1972,46,10
The Miracles,Who's Gonna Take The Blame,1970,46,7
The Miracles,Whole Lot Of Shakin' In My Heart (Since I Met You),1966,46,8
The Miracles,"Ain't It, Baby",1961,49,6
The Miracles,Satisfaction,1971,49,9
The Miracles,Come On Do The Jerk,1964,50,8
The Miracles,Mighty Good Lovin',1961,51,6
The Miracles,Everybody's Gotta Pay Some Dues,1961,52,8
The Miracles,Crazy About The La La La,1971,56,7
The Miracles,Don't Let It End ('til You Let It Begin),1973,56,8
The Miracles,(You Can't Let The Boy Overpower) The Man In You,1964,59,5
The Miracles,Don't Cha Love It,1974,78,4
The Miracles,Bad Girl,1959,93,2
The Miracles,Way Over There,1962,94,3
The Miracles,Broken Hearted,1961,97,1
The Miracles,Darling Dear,1970,100,1
Dion,Runaround Sue,1961,1,14
Dion,Ruby Baby,1963,2,13
Dion,The Wanderer,1961,2,18
Dion,Lovers Who Wander,1962,3,12
Dion,Where Or When,1959,3,16
Dion,"Abraham, Martin And John",1968,4,14
Dion,A Teenager In Love,1959,5,15
Dion,Donna The Prima Donna,1963,6,11
Dion,Drip Drop,1963,6,11
Dion,Little Diane,1962,8,11
Dion,Love Came To Me,1962,10,11
Dion,Lonely Teenager,1960,12,16
Dion,Sandy,1963,21,11
Dion,This Little Girl,1963,21,8
Dion,No One Knows,1958,24,16
Dion,When You Wish Upon A Star,1960,30,9
Dion,Be Careful Of Stones That You Throw,1963,31,7
Dion,The Majestic,1961,36,8
Dion,In The Still Of The Night,1960,38,7
Dion,Don't Pity Me,1958,40,12
Dion,(I was) Born To Cry,1962,42,7
Dion,Havin' Fun,1961,42,6
Dion,I Wonder Why,1958,47,2
Dion,Come Go With Me,1963,48,6
Dion,Every Little Thing I Do,1959,48,8
Dion,Purple Haze,1969,63,4
Dion,Johnny B. Goode,1964,71,4
Dion,A Lover's Prayer,1959,73,3
Dion,And The Night Stood Still,1989,75,5
Dion,Your Own Back Yard,1970,75,3
Dion,Kissin Game,1961,82,3
Dion,From Both Sides Now,1969,91,2
Dion,Little Miss Blue,1960,96,1
Fleetwood Mac,Dreams,1977,1,23
Fleetwood Mac,Don't Stop,1977,3,18
Fleetwood Mac,Hold Me,1982,4,17
Fleetwood Mac,Little Lies,1987,4,21
Fleetwood Mac,Big Love,1987,5,16
Fleetwood Mac,Sara,1979,7,14
Fleetwood Mac,TUSK,1979,8,15
Fleetwood Mac,You Make Loving Fun,1977,9,14
Fleetwood Mac,Go Your Own Way,1977,10,15
Fleetwood Mac,Rhiannon (will You Ever Win),1976,11,18
Fleetwood Mac,Say You Love Me,1976,11,19
Fleetwood Mac,Gypsy,1982,12,14
Fleetwood Mac,Everywhere,1987,14,18
Fleetwood Mac,Seven Wonders,1987,19,13
Fleetwood Mac,Over My Head,1975,20,14
Fleetwood Mac,Think About Me,1980,20,13
Fleetwood Mac,Love In Store,1982,22,14
Fleetwood Mac,Save Me,1990,33,11
Fleetwood Mac,Landslide,1998,41,20
Fleetwood Mac,As Long As You Follow,1988,43,14
Fleetwood Mac,Oh Well - Pt. I,1970,55,10
Fleetwood Mac,Fireflies,1981,60,6
Fleetwood Mac,Peacekeeper,2003,80,11
Fleetwood Mac,Sisters Of The Moon,1980,86,3
Fleetwood Mac,Family Man,1988,90,4
Bob Seger/The Silver Bullet Band,"Shakedown (From ""Beverly Hills Cop II"")",1987,1,18
Bob Seger/The Silver Bullet Band,Shame On The Moon,1982,2,21
Bob Seger/The Silver Bullet Band,Night Moves,1976,4,21
Bob Seger/The Silver Bullet Band,Still The Same,1978,4,18
Bob Seger/The Silver Bullet Band,Against The Wind,1980,5,17
Bob Seger/The Silver Bullet Band,Tryin' To Live My Life Without You,1981,5,19
Bob Seger/The Silver Bullet Band,Fire Lake,1980,6,16
Bob Seger/The Silver Bullet Band,Even Now,1983,12,12
Bob Seger/The Silver Bullet Band,Hollywood Nights,1978,12,13
Bob Seger/The Silver Bullet Band,Like A Rock,1986,12,13
Bob Seger/The Silver Bullet Band,American Storm,1986,13,14
Bob Seger/The Silver Bullet Band,We've Got Tonight,1978,13,17
Bob Seger/The Silver Bullet Band,You'll Accomp'ny Me,1980,14,16
Bob Seger/The Silver Bullet Band,Ramblin' Gamblin' Man,1968,17,14
Bob Seger/The Silver Bullet Band,Understanding,1984,17,15
Bob Seger/The Silver Bullet Band,Mainstreet,1977,24,10
Bob Seger/The Silver Bullet Band,The Real Love,1991,24,11
Bob Seger/The Silver Bullet Band,Roll Me Away,1983,27,10
Bob Seger/The Silver Bullet Band,Old Time Rock & Roll,1979,28,22
Bob Seger/The Silver Bullet Band,Rock And Roll Never Forgets,1977,41,8
Bob Seger/The Silver Bullet Band,The Horizontal Bop,1980,42,12
Bob Seger/The Silver Bullet Band,Katmandu,1975,43,11
Bob Seger/The Silver Bullet Band,Feel Like A Number,1981,48,8
Bob Seger/The Silver Bullet Band,It's You,1986,52,9
Bob Seger/The Silver Bullet Band,Nutbush City Limits,1976,69,4
Bob Seger/The Silver Bullet Band,Miami,1986,70,9
Bob Seger/The Silver Bullet Band,If I Were A Carpenter,1972,76,9
Bob Seger/The Silver Bullet Band,Get Out Of Denver,1974,80,4
Bob Seger/The Silver Bullet Band,Lucifer,1970,84,6
Bob Seger/The Silver Bullet Band,Lookin' Back,1971,96,2
Bob Seger/The Silver Bullet Band,Ivory,1969,97,1
Neil Sedaka,Bad Blood,1975,1,14
Neil Sedaka,Breaking Up Is Hard To Do,1962,1,14
Neil Sedaka,Laughter In The Rain,1974,1,20
Neil Sedaka,Calendar Girl,1960,4,15
Neil Sedaka,Next Door To An Angel,1962,5,11
Neil Sedaka,"Happy Birthday, Sweet Sixteen",1961,6,14
Neil Sedaka,Oh! Carol,1959,9,18
Neil Sedaka,Stairway To Heaven,1960,9,15
Neil Sedaka,Little Devil,1961,11,9
Neil Sedaka,The Diary,1958,14,15
Neil Sedaka,Love In The Shadows,1976,16,11
Neil Sedaka,Alice In Wonderland,1963,17,10
Neil Sedaka,You Mean Everything To Me,1960,17,13
Neil Sedaka,Should've Never Let You Go,1980,19,19
Neil Sedaka,The Immigrant,1975,22,10
Neil Sedaka,Let's Go Steady Again,1963,26,9
Neil Sedaka,That's When The Music Takes Me,1975,27,10
Neil Sedaka,Run Samson Run,1960,28,11
Neil Sedaka,Bad Girl,1963,33,8
Neil Sedaka,Steppin' Out,1976,36,9
Neil Sedaka,I Go Ape,1959,42,8
Neil Sedaka,Amarillo,1977,44,7
Neil Sedaka,King Of Clowns,1962,45,9
Neil Sedaka,The Dreamer,1963,47,7
Neil Sedaka,You Gotta Make Your Own Sunshine,1976,53,5
Neil Sedaka,Sweet Little You,1961,59,7
Neil Sedaka,The World Through A Tear,1965,76,9
Neil Sedaka,Sunny,1964,86,3
Neil Sedaka,The Answer To My Prayer,1966,89,4
Bruce Springsteen,Dancing In The Dark,1984,2,21
Bruce Springsteen,Brilliant Disguise,1987,5,16
Bruce Springsteen,Glory Days,1985,5,18
Bruce Springsteen,Hungry Heart,1980,5,18
Bruce Springsteen,I'm On Fire,1985,6,20
Bruce Springsteen,My Hometown,1985,6,15
Bruce Springsteen,Cover Me,1984,7,18
Bruce Springsteen,War,1986,8,12
Bruce Springsteen,Born In The U.S.A.,2026,9,18
Bruce Springsteen,Born In The USA,1984,9,17
Bruce Springsteen,I'm Goin' Down,1985,9,13
Bruce Springsteen,"Streets Of Philadelphia (From ""Philadelphia"")",1994,9,20
Bruce Springsteen,Tunnel Of Love,1987,9,16
Bruce Springsteen,One Step Up,1988,13,15
Bruce Springsteen,Human Touch/Better Days,1992,16,16
Bruce Springsteen,Secret Garden,1995,19,23
Bruce Springsteen,Fade Away,1981,20,12
Bruce Springsteen,Born To Run,1975,23,11
Bruce Springsteen,Prove It All Night,1978,33,9
Bruce Springsteen,Badlands,1978,42,8
Bruce Springsteen,Fire,1987,46,8
Bruce Springsteen,The Rising,2002,52,11
Bruce Springsteen,57 Channels (And Nothin' On),1992,68,6
Bruce Springsteen,Devils & Dust,2005,72,1
Bruce Springsteen,Tenth Avenue Freeze-out,1976,83,3
Bruce Springsteen,Girls In Their Summer Clothes,2008,95,1
Bruce Springsteen,Working On A Dream,2009,95,1
The Pointer Sisters,Fire,1978,2,23
The Pointer Sisters,Slow Hand,1981,2,24
The Pointer Sisters,He's So Shy,1980,3,26
The Pointer Sisters,Jump (for My Love),1984,3,24
The Pointer Sisters,Automatic,1984,5,20
The Pointer Sisters,Neutron Dance,1984,6,23
The Pointer Sisters,I'm So Excited,1982,9,40
The Pointer Sisters,Dare Me,1985,11,18
The Pointer Sisters,Yes We Can Can,1973,11,16
The Pointer Sisters,Fairytale,1974,13,16
The Pointer Sisters,Should I Do It,1982,13,16
The Pointer Sisters,American Music,1982,16,14
The Pointer Sisters,How Long (Betcha' Got A Chick On The Side),1975,20,15
The Pointer Sisters,Happiness,1979,30,10
The Pointer Sisters,Goldmine,1986,33,13
The Pointer Sisters,"Be There (From ""Beverly Hills Cop II"")",1987,42,9
The Pointer Sisters,Baby Come And Get It,1985,44,11
The Pointer Sisters,I Need You,1983,48,15
The Pointer Sisters,Could I Be Dreaming,1980,52,11
The Pointer Sisters,Freedom,1985,59,11
The Pointer Sisters,Going Down Slowly,1975,61,7
The Pointer Sisters,Wang Dang Doodle,1973,61,8
The Pointer Sisters,If You Wanna Get Back Your Lady,1983,67,5
The Pointer Sisters,Twist My Arm,1986,83,5
The Pointer Sisters,Live Your Life Before You Die,1975,89,5
The Pointer Sisters,All I Know Is The Way I Feel,1987,93,2
John Denver,ANNIE's SONG,1974,1,17
John Denver,I'm Sorry,1975,1,18
John Denver,Sunshine On My Shoulders,1974,1,18
John Denver,Thank God I'm A Country Boy,1975,1,19
John Denver,"Take Me Home, Country Roads",1971,2,24
John Denver,Back Home Again,1974,5,16
John Denver,Rocky Mountain High,1972,9,19
John Denver,Fly Away,1975,13,12
John Denver,Sweet Surrender,1974,13,11
John Denver,Looking For Space,1976,29,8
John Denver,Shanghai Breezes,1982,31,14
John Denver,My Sweet Lady,1977,32,11
John Denver,Like A Sad Song,1976,36,7
John Denver,Some Days Are Diamonds (Some Days Are Stone),1981,36,20
John Denver,How Can I Leave You Again,1977,44,10
John Denver,Friends With You,1971,47,11
John Denver,Autograph,1980,52,10
John Denver,I Want To Live,1978,55,5
John Denver,Christmas For Cowboys,1975,58,4
John Denver,It Amazes Me,1978,59,7
John Denver,Perhaps Love,1982,59,7
John Denver,It Makes Me Giggle,1976,60,4
John Denver,I'd Rather Be A Cowboy,1973,62,10
John Denver,"Baby, You Look Good To Me Tonight",1976,65,7
John Denver,The Cowboy And The Lady,1981,66,7
John Denver,"Please, Daddy",1973,69,5
John Denver,Seasons Of The Heart,1982,78,5
John Denver,Everyday,1972,81,3
John Denver,Love Again,1984,85,4
John Denver,Goodbye Again,1972,88,6
John Denver,Farewell Andromeda (Welcome To My Morning),1973,89,5
John Denver,Dancing With The Mountains,1980,97,3
